Employee_Name,FromDiversityJobFairID,Salary,Termd,PositionID,Position,State,Zip,DOB,Sex,MaritalDesc,CitizenDesc,HispanicLatino,RaceDesc,DateofHire,DateofTermination,TermReason,EmploymentStatus,Department,ManagerName,ManagerID,RecruitmentSource,PerformanceScore,EngagementSurvey,EmpSatisfaction,SpecialProjectsCount,LastPerformanceReview_Date,DaysLateLast30,Absences,Tenure,Age,PerformanceScore_Map,Salary_Group
"Adinolfi, Wilson  K",0,62506,0,19,Production Technician I,MA,1960,1983-07-10,M ,Single,US Citizen,No,White,2011-07-05,Active,N/A-StillEmployed,Active,Production       ,Michael Albert,22.0,LinkedIn,Exceeds,4.6,5,0,1/17/2019,0,1,14.46,42,4,Medium
"Ait Sidi, Karthikeyan   ",0,104437,1,27,Sr. DBA,MA,2148,1975-05-05,M ,Married,US Citizen,No,White,2015-03-30,6/16/2016,career change,Voluntarily Terminated,IT/IS,Simon Roup,4.0,Indeed,Fully Meets,4.96,3,6,2/24/2016,0,17,1.22,50,3,High
"Akinkuolie, Sarah",0,64955,1,20,Production Technician II,MA,1810,1988-09-19,F,Married,US Citizen,No,White,2011-07-05,9/24/2012,hours,Voluntarily Terminated,Production       ,Kissy Sullivan,20.0,LinkedIn,Fully Meets,3.02,3,0,5/15/2012,0,3,1.22,37,3,Medium
"Alagbe,Trina",0,64991,0,19,Production Technician I,MA,1886,1988-09-27,F,Married,US Citizen,No,White,2008-01-07,Active,N/A-StillEmployed,Active,Production       ,Elijiah Gray,16.0,Indeed,Fully Meets,4.84,5,0,1/3/2019,0,15,17.95,37,3,Medium
"Anderson, Carol ",0,50825,1,19,Production Technician I,MA,2169,1989-09-08,F,Divorced,US Citizen,No,White,2011-07-11,9/6/2016,return to school,Voluntarily Terminated,Production       ,Webster Butler,39.0,Google Search,Fully Meets,5.0,4,0,2/1/2016,0,2,5.16,36,3,Low
"Anderson, Linda  ",0,57568,0,19,Production Technician I,MA,1844,1977-05-22,F,Single,US Citizen,No,White,2012-01-09,Active,N/A-StillEmployed,Active,Production       ,Amy Dunn,11.0,LinkedIn,Exceeds,5.0,5,0,1/7/2019,0,15,13.94,48,4,Medium
"Andreola, Colby",0,95660,0,24,Software Engineer,MA,2110,1979-05-24,F,Single,US Citizen,No,White,2014-11-10,Active,N/A-StillEmployed,Active,Software Engineering,Alex Sweetwater,10.0,LinkedIn,Fully Meets,3.04,3,4,1/2/2019,0,19,11.11,46,3,High
"Athwal, Sam",0,59365,0,19,Production Technician I,MA,2199,1983-02-18,M ,Widowed,US Citizen,No,White,2013-09-30,Active,N/A-StillEmployed,Active,Production       ,Ketsia Liebig,19.0,Employee Referral,Fully Meets,5.0,4,0,2/25/2019,0,19,12.22,42,3,Medium
"Bachiochi, Linda",1,47837,0,19,Production Technician I,MA,1902,1970-02-11,F,Single,US Citizen,No,Black or African American,2009-07-06,Active,N/A-StillEmployed,Active,Production       ,Brannon Miller,12.0,Diversity Job Fair,Fully Meets,4.46,3,0,1/25/2019,0,4,16.45,55,3,Low
"Bacong, Alejandro ",0,50178,0,14,IT Support,MA,1886,1988-01-07,M ,Divorced,US Citizen,No,White,2015-01-05,Active,N/A-StillEmployed,Active,IT/IS,Peter Monroe,7.0,Indeed,Fully Meets,5.0,5,6,2/18/2019,0,16,10.95,37,3,Low
"Baczenski, Rachael  ",1,54670,1,19,Production Technician I,MA,1902,1974-01-12,F,Married,US Citizen,Yes,Black or African American,2011-01-10,1/12/2017,Another position,Voluntarily Terminated,Production       ,David Stanley,14.0,Diversity Job Fair,Fully Meets,4.2,4,0,1/30/2016,0,12,6.01,51,3,Low
"Barbara, Thomas",1,47211,1,19,Production Technician I,MA,2062,1974-02-21,M ,Married,US Citizen,Yes,Black or African American,2012-04-02,9/19/2016,unhappy,Voluntarily Terminated,Production       ,Kissy Sullivan,20.0,Diversity Job Fair,Fully Meets,4.2,3,0,5/6/2016,0,15,4.47,51,3,Low
"Barbossa, Hector",1,92328,0,9,Data Analyst,TX,78230,1988-07-04,M ,Divorced,US Citizen,No,Black or African American,2014-11-10,Active,N/A-StillEmployed,Active,IT/IS,Simon Roup,4.0,Diversity Job Fair,Exceeds,4.28,4,5,2/25/2019,0,9,11.11,37,4,High
"Barone, Francesco  A",0,58709,0,19,Production Technician I,MA,1810,1983-07-20,M ,Single,US Citizen,No,Two or more races,2012-02-20,Active,N/A-StillEmployed,Active,Production       ,Kelley Spirea,18.0,Google Search,Fully Meets,4.6,4,0,2/14/2019,0,7,13.83,42,3,Medium
"Barton, Nader",0,52505,1,19,Production Technician I,MA,2747,1977-07-15,M ,Divorced,US Citizen,No,White,2012-09-24,4/6/2017,Another position,Voluntarily Terminated,Production       ,Michael Albert,22.0,On-line Web application,Fully Meets,5.0,5,0,3/2/2017,0,1,4.53,48,3,Low
"Bates, Norman",0,57834,1,19,Production Technician I,MA,2050,1981-10-18,M ,Single,US Citizen,No,White,2011-02-21,8/4/2017,attendance,Terminated for Cause,Production       ,Kelley Spirea,18.0,Google Search,Fully Meets,5.0,4,0,4/5/2017,0,20,6.45,44,3,Medium
"Beak, Kimberly  ",0,70131,0,20,Production Technician II,MA,2145,1966-04-17,F,Married,US Citizen,No,White,2016-07-21,Active,N/A-StillEmployed,Active,Production       ,Kelley Spirea,18.0,Employee Referral,Exceeds,4.4,3,0,1/14/2019,0,16,9.41,59,4,Medium
"Beatrice, Courtney ",0,59026,0,19,Production Technician I,MA,1915,1970-10-27,F,Single,Eligible NonCitizen,No,White,2011-04-04,Active,N/A-StillEmployed,Active,Production       ,Elijiah Gray,16.0,Google Search,Fully Meets,5.0,5,0,1/14/2019,0,12,14.71,55,3,Medium
"Becker, Renee",0,110000,1,8,Database Administrator,MA,2026,1986-04-04,F,Single,US Citizen,Yes,White,2014-07-07,9/12/2015,performance,Terminated for Cause,IT/IS,Simon Roup,4.0,Google Search,Fully Meets,4.5,4,5,1/15/2015,0,8,1.18,39,3,High
"Becker, Scott",0,53250,0,19,Production Technician I,MA,2452,1979-04-06,M ,Single,US Citizen,No,Asian,2013-07-08,Active,N/A-StillEmployed,Active,Production       ,Webster Butler,,LinkedIn,Fully Meets,4.2,4,0,1/11/2019,0,13,12.45,46,3,Low
"Bernstein, Sean",0,51044,0,19,Production Technician I,MA,2072,1970-12-22,M ,Single,US Citizen,Yes,White,2012-04-02,Active,N/A-StillEmployed,Active,Production       ,Amy Dunn,11.0,Google Search,Fully Meets,5.0,3,0,1/14/2019,0,13,13.71,54,3,Low
"Biden, Lowan  M",0,64919,0,19,Production Technician I,MA,2027,1958-12-27,F,Divorced,US Citizen,No,Asian,2013-08-19,Active,N/A-StillEmployed,Active,Production       ,Ketsia Liebig,19.0,Indeed,Fully Meets,4.2,3,0,1/10/2019,0,2,12.33,66,3,Medium
"Billis, Helen",0,62910,0,19,Production Technician I,MA,2031,1989-09-01,F,Married,US Citizen,No,White,2014-07-07,Active,N/A-StillEmployed,Active,Production       ,Brannon Miller,12.0,Indeed,Exceeds,5.0,3,0,2/27/2019,0,19,11.45,36,4,Medium
"Blount, Dianna",0,66441,0,20,Production Technician II,MA,2171,1990-09-21,F,Single,US Citizen,No,White,2011-04-04,Active,N/A-StillEmployed,Active,Production       ,Michael Albert,22.0,CareerBuilder,Needs Improvement,2.0,3,0,2/27/2019,2,3,14.71,35,2,Medium
"Bondwell, Betsy",0,57815,1,20,Production Technician II,MA,2210,1967-01-16,F,Single,US Citizen,No,White,2011-01-10,4/4/2014,career change,Voluntarily Terminated,Production       ,Elijiah Gray,16.0,Google Search,Fully Meets,4.8,5,0,3/4/2014,0,5,3.23,58,3,Medium
"Booth, Frank",0,103613,1,30,Enterprise Architect,CT,6033,1964-07-30,M ,Single,US Citizen,No,Black or African American,2014-02-17,2/19/2016,Learned that he is a gangster,Terminated for Cause,IT/IS,Simon Roup,4.0,LinkedIn,Fully Meets,3.5,5,7,1/10/2016,0,2,2.0,61,3,High
"Boutwell, Bonalyn",1,106367,0,26,Sr. Accountant,MA,2468,1987-04-04,F,Married,US Citizen,No,Black or African American,2015-02-16,Active,N/A-StillEmployed,Active,Admin Offices,Brandon R. LeBlanc,3.0,Diversity Job Fair,Fully Meets,5.0,4,3,2/18/2019,0,4,10.84,38,3,High
"Bozzi, Charles",0,74312,1,18,Production Manager,MA,1901,1970-03-10,M ,Single,US Citizen,No,Asian,2013-09-30,8/7/2014,retiring,Voluntarily Terminated,Production       ,Janet King,2.0,Indeed,Fully Meets,3.39,3,0,2/20/2014,0,14,0.85,55,3,High
"Brill, Donna",0,53492,1,19,Production Technician I,MA,1701,1990-08-24,F,Married,US Citizen,No,White,2012-04-02,6/15/2013,Another position,Voluntarily Terminated,Production       ,David Stanley,14.0,Google Search,Fully Meets,3.35,4,0,3/4/2013,0,6,1.2,35,3,Low
"Brown, Mia",1,63000,0,1,Accountant I,MA,1450,1987-11-24,F,Married,US Citizen,No,Black or African American,2008-10-27,Active,N/A-StillEmployed,Active,Admin Offices,Brandon R. LeBlanc,1.0,Diversity Job Fair,Fully Meets,4.5,2,6,1/15/2019,0,14,17.14,38,3,Medium
"Buccheri, Joseph  ",0,65288,0,20,Production Technician II,MA,1013,1983-07-28,M ,Single,US Citizen,No,White,2014-09-29,Active,N/A-StillEmployed,Active,Production       ,Webster Butler,,Google Search,Fully Meets,3.19,3,0,2/1/2019,0,9,11.22,42,3,Medium
"Bugali, Josephine ",1,64375,0,19,Production Technician I,MA,2043,1969-10-30,F,Separated,US Citizen,No,Black or African American,2013-11-11,Active,N/A-StillEmployed,Active,Production       ,Kissy Sullivan,20.0,Diversity Job Fair,Fully Meets,3.5,5,0,1/21/2019,0,17,12.1,56,3,Medium
"Bunbury, Jessica",0,74326,1,3,Area Sales Manager,VA,21851,1964-06-01,F,Married,Eligible NonCitizen,No,Black or African American,2011-08-15,8/2/2014,Another position,Voluntarily Terminated,Sales,John Smith,17.0,Google Search,Fully Meets,3.14,5,0,2/10/2013,1,19,2.97,61,3,High
"Burke, Joelle",0,63763,0,20,Production Technician II,MA,2148,1980-03-02,F,Single,US Citizen,No,Black or African American,2012-03-05,Active,N/A-StillEmployed,Active,Production       ,Amy Dunn,11.0,Employee Referral,Fully Meets,4.51,4,0,2/21/2019,0,3,13.79,45,3,Medium
"Burkett, Benjamin ",0,62162,0,20,Production Technician II,MA,1890,1977-08-19,M ,Married,US Citizen,No,White,2011-04-04,Active,N/A-StillEmployed,Active,Production       ,Ketsia Liebig,19.0,Indeed,Fully Meets,3.25,5,0,1/14/2019,0,15,14.71,48,3,Medium
"Cady, Max ",0,77692,0,25,Software Engineering Manager,MA,2184,1966-11-22,M ,Single,US Citizen,No,White,2011-08-15,Active,N/A-StillEmployed,Active,Software Engineering,Jennifer Zamora,5.0,Google Search,Fully Meets,3.84,3,5,1/21/2019,0,4,14.35,59,3,High
"Candie, Calvin",0,72640,0,18,Production Manager,MA,2169,1983-08-09,M ,Single,US Citizen,No,White,2016-01-28,Active,N/A-StillEmployed,Active,Production       ,Janet King,2.0,Indeed,Exceeds,5.0,3,0,2/22/2019,0,14,9.89,42,4,High
"Carabbio, Judith",0,93396,0,24,Software Engineer,MA,2132,1987-04-05,F,Single,US Citizen,No,White,2013-11-11,Active,N/A-StillEmployed,Active,Software Engineering,Alex Sweetwater,10.0,Indeed,Fully Meets,4.96,4,6,1/30/2019,0,3,12.1,38,3,High
"Carey, Michael  ",0,52846,0,19,Production Technician I,MA,1701,1983-02-02,M ,Single,US Citizen,No,Black or African American,2014-03-31,Active,N/A-StillEmployed,Active,Production       ,Kelley Spirea,18.0,LinkedIn,Fully Meets,4.43,3,0,2/1/2019,0,14,11.72,42,3,Low
"Carr, Claudia  N",0,100031,0,27,Sr. DBA,MA,1886,1986-06-06,F,Single,US Citizen,No,Black or African American,2016-06-30,Active,N/A-StillEmployed,Active,IT/IS,Simon Roup,4.0,LinkedIn,Fully Meets,5.0,5,6,2/18/2019,0,7,9.47,39,3,High
"Carter, Michelle ",0,71860,0,3,Area Sales Manager,VT,5664,1963-05-15,F,Single,US Citizen,No,White,2014-08-18,Active,N/A-StillEmployed,Active,Sales,John Smith,17.0,Indeed,Fully Meets,5.0,5,0,1/21/2019,0,7,11.34,62,3,Medium
"Chace, Beatrice ",0,61656,0,19,Production Technician I,MA,2763,1951-01-02,F,Single,US Citizen,No,White,2014-09-29,Active,N/A-StillEmployed,Active,Production       ,Michael Albert,22.0,Google Search,Fully Meets,5.0,4,0,2/12/2019,0,11,11.22,74,3,Medium
"Champaigne, Brian",0,110929,0,5,BI Director,MA,2045,1972-02-09,M ,Married,US Citizen,No,White,2016-09-06,Active,N/A-StillEmployed,Active,IT/IS,Jennifer Zamora,5.0,Indeed,Fully Meets,4.5,5,7,1/15/2019,0,8,9.28,53,3,High
"Chan, Lin",0,54237,0,19,Production Technician I,MA,2170,1979-02-12,F,Single,US Citizen,No,White,2014-05-12,Active,N/A-StillEmployed,Active,Production       ,Elijiah Gray,16.0,Indeed,Fully Meets,3.3,4,0,2/19/2019,0,11,11.61,46,3,Low
"Chang, Donovan  E",0,60380,0,19,Production Technician I,MA,1845,1983-08-24,M ,Single,US Citizen,No,White,2013-07-08,Active,N/A-StillEmployed,Active,Production       ,Webster Butler,,LinkedIn,Fully Meets,3.8,5,0,1/14/2019,0,4,12.45,42,3,Medium
"Chigurh, Anton",0,66808,0,3,Area Sales Manager,TX,78207,1970-06-11,M ,Single,Eligible NonCitizen,No,Black or African American,2012-05-14,Active,N/A-StillEmployed,Active,Sales,Lynn Daneault,21.0,Employee Referral,Fully Meets,3.0,5,0,1/19/2019,0,17,13.6,55,3,Medium
"Chivukula, Enola",0,64786,1,19,Production Technician I,MA,1775,1983-08-27,F,Single,US Citizen,No,White,2011-06-27,11/15/2015,relocation out of area,Voluntarily Terminated,Production       ,Amy Dunn,11.0,Indeed,Fully Meets,4.3,4,0,3/10/2015,0,3,4.39,42,3,Medium
"Cierpiszewski, Caroline  ",0,64816,0,19,Production Technician I,MA,2044,1988-05-31,F,Single,Non-Citizen,No,Black or African American,2011-10-03,Active,N/A-StillEmployed,Active,Production       ,Ketsia Liebig,19.0,Indeed,Fully Meets,3.58,5,0,1/30/2019,0,3,14.21,37,3,Medium
"Clayton, Rick",0,68678,0,14,IT Support,MA,2170,1985-09-05,M ,Single,US Citizen,No,White,2012-09-05,Active,N/A-StillEmployed,Active,IT/IS,Eric Dougall,6.0,Indeed,Fully Meets,4.7,3,6,2/27/2019,0,2,13.29,40,3,Medium
"Cloninger, Jennifer",0,64066,1,20,Production Technician II,MA,1752,1981-08-31,F,Married,US Citizen,No,White,2011-05-16,1/7/2013,unhappy,Voluntarily Terminated,Production       ,Brannon Miller,12.0,Google Search,Fully Meets,4.2,5,0,5/3/2012,0,9,1.65,44,3,Medium
"Close, Phil",0,59369,1,20,Production Technician II,MA,2169,1978-11-25,M ,Married,US Citizen,No,White,2010-08-30,9/26/2011,career change,Voluntarily Terminated,Production       ,David Stanley,14.0,Indeed,Fully Meets,4.2,4,0,5/4/2011,0,6,1.07,47,3,Medium
"Clukey, Elijian",0,50373,0,19,Production Technician I,MA,2134,1980-08-26,M ,Married,US Citizen,No,White,2016-07-06,Active,N/A-StillEmployed,Active,Production       ,Brannon Miller,12.0,Employee Referral,Exceeds,4.1,4,0,2/28/2019,0,5,9.45,45,4,Low
"Cockel, James",0,63108,0,19,Production Technician I,MA,2452,1977-09-08,M ,Single,US Citizen,No,White,2013-07-08,Active,N/A-StillEmployed,Active,Production       ,David Stanley,14.0,Employee Referral,Fully Meets,4.4,5,0,1/14/2019,0,3,12.45,48,3,Medium
"Cole, Spencer",0,59144,1,19,Production Technician I,MA,1880,1979-08-12,M ,Single,US Citizen,No,Black or African American,2011-07-11,9/23/2016,performance,Terminated for Cause,Production       ,Kissy Sullivan,20.0,LinkedIn,Needs Improvement,2.0,3,0,5/1/2016,5,16,5.2,46,2,Medium
"Corleone, Michael",0,68051,0,18,Production Manager,MA,1803,1975-12-17,M ,Divorced,US Citizen,No,White,2010-07-20,Active,N/A-StillEmployed,Active,Production       ,Janet King,2.0,CareerBuilder,Needs Improvement,4.13,2,0,1/14/2019,3,3,15.42,50,2,Medium
"Corleone, Vito",0,170500,0,10,Director of Operations,MA,2030,1983-03-19,M ,Single,US Citizen,No,Black or African American,2009-01-05,Active,N/A-StillEmployed,Active,Production       ,Janet King,2.0,Indeed,Exceeds,3.7,5,0,2/4/2019,0,15,16.95,42,4,High
"Cornett, Lisa ",0,63381,0,19,Production Technician I,MA,2189,1977-03-31,F,Married,US Citizen,Yes,White,2015-01-05,Active,N/A-StillEmployed,Active,Production       ,Kelley Spirea,18.0,Indeed,Fully Meets,4.73,5,0,2/14/2019,0,6,10.95,48,3,Medium
"Costello, Frank",0,83552,0,9,Data Analyst,MA,1810,1986-08-26,M ,Married,US Citizen,No,White,2015-03-30,Active,N/A-StillEmployed,Active,IT/IS,Simon Roup,4.0,Indeed,Fully Meets,3.04,3,6,1/22/2019,0,2,10.72,39,3,High
"Crimmings,   Jean",0,56149,0,19,Production Technician I,MA,1821,1987-04-10,F,Single,US Citizen,No,White,2016-07-06,Active,N/A-StillEmployed,Active,Production       ,Michael Albert,22.0,LinkedIn,Fully Meets,4.12,5,0,1/28/2019,0,15,9.45,38,3,Medium
"Cross, Noah",0,92329,0,28,Sr. Network Engineer,CT,6278,1965-09-09,M ,Single,US Citizen,No,White,2014-11-10,Active,N/A-StillEmployed,Active,IT/IS,Peter Monroe,7.0,Employee Referral,Fully Meets,5.0,3,4,1/2/2019,0,5,11.11,60,3,High
"Daneault, Lynn",0,65729,0,21,Sales Manager,VT,5473,1990-04-19,F,Single,US Citizen,No,White,2014-05-05,Active,N/A-StillEmployed,Active,Sales,Debra Houlihan,15.0,Indeed,Fully Meets,4.62,4,0,1/24/2019,0,8,11.62,35,3,Medium
"Daniele, Ann  ",0,85028,0,28,Sr. Network Engineer,CT,6033,1952-01-18,F,Married,US Citizen,No,White,2014-11-10,Active,N/A-StillEmployed,Active,IT/IS,Peter Monroe,7.0,LinkedIn,Fully Meets,3.1,5,8,2/12/2019,0,19,11.11,73,3,High
"Darson, Jene'ya ",0,57583,0,19,Production Technician I,MA,2110,1978-11-05,F,Married,US Citizen,No,White,2012-07-02,Active,N/A-StillEmployed,Active,Production       ,Elijiah Gray,16.0,Indeed,Fully Meets,5.0,3,0,2/25/2019,0,1,13.46,47,3,Medium
"Davis, Daniel",0,56294,0,20,Production Technician II,MA,2458,1979-09-14,M ,Single,Eligible NonCitizen,No,Two or more races,2011-11-07,Active,N/A-StillEmployed,Active,Production       ,Kissy Sullivan,20.0,LinkedIn,Fully Meets,3.96,4,0,2/27/2019,0,6,14.12,46,3,Medium
"Dee, Randy",0,56991,0,19,Production Technician I,MA,2138,1988-04-15,M ,Married,US Citizen,No,White,2018-07-09,Active,N/A-StillEmployed,Active,Production       ,Brannon Miller,12.0,Indeed,Fully Meets,4.3,4,3,1/31/2019,2,2,7.45,37,3,Medium
"DeGweck,  James",0,55722,1,19,Production Technician I,MA,1810,1977-10-31,M ,Married,US Citizen,No,White,2011-05-16,6/8/2016,unhappy,Voluntarily Terminated,Production       ,Webster Butler,39.0,Indeed,Fully Meets,5.0,4,0,4/2/2016,0,14,5.07,48,3,Medium
"Del Bosque, Keyla",0,101199,0,24,Software Engineer,MA,2176,1979-07-05,F,Single,US Citizen,No,Black or African American,2012-01-09,Active,N/A-StillEmployed,Active,Software Engineering,Alex Sweetwater,10.0,CareerBuilder,Fully Meets,3.79,5,5,1/25/2019,0,8,13.94,46,3,High
"Delarge, Alex",0,61568,0,3,Area Sales Manager,AL,36006,1975-11-02,M ,Single,US Citizen,No,Two or more races,2014-09-29,Active,N/A-StillEmployed,Active,Sales,John Smith,17.0,Indeed,PIP,1.93,3,0,1/30/2019,6,5,11.22,50,1,Medium
"Demita, Carla",0,58275,1,20,Production Technician II,MA,2343,1951-02-25,F,Separated,US Citizen,No,Black or African American,2011-04-04,11/4/2015,more money,Voluntarily Terminated,Production       ,Kelley Spirea,18.0,Google Search,Fully Meets,4.62,5,0,5/6/2015,0,1,4.59,74,3,Medium
"Desimone, Carl ",0,53189,0,19,Production Technician I,MA,2061,1967-04-19,M ,Married,US Citizen,No,White,2014-07-07,Active,N/A-StillEmployed,Active,Production       ,Amy Dunn,11.0,Indeed,PIP,1.12,2,0,1/31/2019,4,9,11.45,58,1,Low
"DeVito, Tommy",0,96820,0,4,BI Developer,MA,2045,1983-09-04,M ,Single,US Citizen,No,White,2017-02-15,Active,N/A-StillEmployed,Active,IT/IS,Brian Champaigne,13.0,Indeed,Fully Meets,3.01,5,7,1/23/2019,0,15,8.84,42,3,High
"Dickinson, Geoff ",0,51259,0,19,Production Technician I,MA,2180,1982-11-15,M ,Single,US Citizen,No,White,2014-05-12,Active,N/A-StillEmployed,Active,Production       ,Ketsia Liebig,19.0,Indeed,Fully Meets,4.3,4,0,2/19/2019,0,1,11.61,43,3,Low
"Dietrich, Jenna  ",0,59231,0,3,Area Sales Manager,WA,98052,1987-05-14,F,Single,US Citizen,Yes,White,2012-02-20,Active,N/A-StillEmployed,Active,Sales,John Smith,17.0,Website,PIP,2.3,1,0,1/29/2019,2,17,13.83,38,1,Medium
"DiNocco, Lily ",0,61584,0,19,Production Technician I,MA,2351,1978-12-02,F,Married,US Citizen,No,Black or African American,2013-01-07,Active,N/A-StillEmployed,Active,Production       ,Brannon Miller,12.0,Indeed,Needs Improvement,3.88,4,0,1/18/2019,0,6,12.95,47,2,Medium
"Dobrin, Denisa  S",0,46335,0,19,Production Technician I,MA,2125,1986-10-07,F,Single,US Citizen,Yes,White,2012-04-02,Active,N/A-StillEmployed,Active,Production       ,David Stanley,14.0,CareerBuilder,Fully Meets,3.4,5,0,2/19/2019,0,15,13.71,39,3,Low
"Dolan, Linda",0,70621,0,14,IT Support,MA,2119,1988-07-18,F,Married,US Citizen,No,White,2015-01-05,Active,N/A-StillEmployed,Active,IT/IS,Peter Monroe,7.0,Employee Referral,Fully Meets,4.11,4,6,2/25/2019,0,16,10.95,37,3,Medium
"Dougall, Eric",0,138888,0,13,IT Manager - Support,MA,1886,1970-07-09,M ,Single,US Citizen,No,Black or African American,2014-01-05,Active,N/A-StillEmployed,Active,IT/IS,Jennifer Zamora,5.0,Indeed,Exceeds,4.3,5,5,1/4/2019,0,4,11.95,55,4,High
"Driver, Elle",0,74241,0,3,Area Sales Manager,CA,90007,1988-11-08,F,Single,US Citizen,No,White,2011-01-10,Active,N/A-StillEmployed,Active,Sales,Lynn Daneault,21.0,Indeed,Exceeds,4.77,5,0,1/27/2019,0,14,14.94,37,4,High
"Dunn, Amy  ",0,75188,0,18,Production Manager,MA,1731,1973-11-28,F,Single,US Citizen,No,White,2014-09-18,Active,N/A-StillEmployed,Active,Production       ,Janet King,2.0,Google Search,Fully Meets,4.52,4,0,1/15/2019,0,4,11.25,52,3,High
"Dunne, Amy",0,62514,0,19,Production Technician I,MA,1749,1973-09-23,F,Married,US Citizen,No,White,2010-04-26,Active,N/A-StillEmployed,Active,Production       ,Ketsia Liebig,19.0,Google Search,Fully Meets,2.9,3,0,1/21/2019,0,6,15.65,52,3,Medium
"Eaton, Marianne",0,60070,1,19,Production Technician I,MA,2343,1991-09-05,F,Married,US Citizen,No,White,2011-04-04,6/6/2017,military,Voluntarily Terminated,Production       ,Kissy Sullivan,20.0,Google Search,Fully Meets,5.0,3,0,4/9/2017,0,7,6.17,34,3,Medium
"Engdahl, Jean",0,48888,0,19,Production Technician I,MA,2026,1974-05-31,M ,Single,US Citizen,No,White,2014-11-10,Active,N/A-StillEmployed,Active,Production       ,Kelley Spirea,18.0,LinkedIn,Fully Meets,4.7,5,0,2/13/2019,0,8,11.11,51,3,Low
"England, Rex",0,54285,0,19,Production Technician I,MA,2045,1978-08-25,M ,Married,US Citizen,No,White,2014-03-31,Active,N/A-StillEmployed,Active,Production       ,Kelley Spirea,18.0,Employee Referral,Fully Meets,4.2,3,0,1/11/2019,0,3,11.72,47,3,Low
"Erilus, Angela",0,56847,0,20,Production Technician II,MA,2133,1989-08-25,F,Separated,US Citizen,No,White,2014-07-07,Active,N/A-StillEmployed,Active,Production       ,Michael Albert,22.0,Indeed,PIP,3.0,1,0,2/25/2019,2,5,11.45,36,1,Medium
"Estremera, Miguel",0,60340,1,19,Production Technician I,MA,2129,1983-09-02,M ,Single,US Citizen,No,White,2012-04-02,9/27/2018,attendance,Terminated for Cause,Production       ,Michael Albert,22.0,Google Search,Needs Improvement,5.0,4,0,4/12/2018,5,16,6.49,42,2,Medium
"Evensen, April",0,59124,1,19,Production Technician I,MA,2458,1989-05-06,F,Single,US Citizen,No,White,2014-02-17,2/25/2018,"no-call, no-show",Terminated for Cause,Production       ,Elijiah Gray,16.0,Google Search,Needs Improvement,2.3,3,0,1/15/2017,5,19,4.02,36,2,Medium
"Exantus, Susan",0,99280,1,24,Software Engineer,MA,1749,1987-05-15,F,Married,US Citizen,No,Black or African American,2011-05-02,6/5/2013,attendance,Terminated for Cause,Software Engineering,Alex Sweetwater,10.0,Indeed,Needs Improvement,2.1,5,4,8/10/2012,4,19,2.09,38,2,High
"Faller, Megan ",0,71776,0,20,Production Technician II,MA,1824,1978-09-22,F,Married,US Citizen,No,Black or African American,2014-07-07,Active,N/A-StillEmployed,Active,Production       ,Elijiah Gray,16.0,LinkedIn,Fully Meets,4.4,5,0,2/22/2019,0,17,11.45,47,3,Medium
"Fancett, Nicole",0,65902,0,20,Production Technician II,MA,2324,1987-09-27,F,Single,US Citizen,No,Black or African American,2014-02-17,Active,N/A-StillEmployed,Active,Production       ,Webster Butler,,LinkedIn,Fully Meets,4.0,4,0,1/7/2019,0,7,11.84,38,3,Medium
"Ferguson, Susan",0,57748,1,19,Production Technician I,MA,2176,1955-04-14,F,Married,US Citizen,No,White,2011-11-07,5/17/2016,military,Voluntarily Terminated,Production       ,Webster Butler,39.0,Google Search,Fully Meets,3.13,3,0,2/4/2016,0,16,4.53,70,3,Medium
"Fernandes, Nilson  ",0,64057,0,19,Production Technician I,MA,2132,1989-10-18,M ,Married,US Citizen,No,White,2015-05-11,Active,N/A-StillEmployed,Active,Production       ,Amy Dunn,11.0,Indeed,PIP,1.56,5,0,1/3/2019,6,15,10.61,36,1,Medium
"Fett, Boba",0,53366,0,15,Network Engineer,MA,2138,1987-06-18,M ,Single,US Citizen,No,White,2015-03-30,Active,N/A-StillEmployed,Active,IT/IS,Peter Monroe,7.0,LinkedIn,PIP,1.2,3,6,2/4/2019,3,2,10.72,38,1,Low
"Fidelia,  Libby",0,58530,0,19,Production Technician I,MA,2155,1981-03-16,F,Married,US Citizen,No,White,2012-01-09,Active,N/A-StillEmployed,Active,Production       ,Brannon Miller,12.0,Google Search,Fully Meets,5.0,5,0,1/29/2019,0,19,13.94,44,3,Medium
"Fitzpatrick, Michael  J",0,72609,1,20,Production Technician II,MA,2143,1981-10-01,M ,Single,US Citizen,Yes,White,2011-05-16,6/24/2013,hours,Voluntarily Terminated,Production       ,Amy Dunn,11.0,Google Search,Fully Meets,4.76,5,0,4/5/2013,0,20,2.11,44,3,High
"Foreman, Tanya",0,55965,1,20,Production Technician II,MA,2170,1983-11-08,F,Married,US Citizen,No,White,2011-04-04,1/9/2013,career change,Voluntarily Terminated,Production       ,Ketsia Liebig,19.0,Google Search,Fully Meets,3.66,3,0,1/7/2012,0,6,1.77,42,3,Medium
"Forrest, Alex",0,70187,1,3,Area Sales Manager,MA,2330,1975-07-07,M ,Married,US Citizen,No,White,2014-09-29,8/19/2018,Fatal attraction,Terminated for Cause,Sales,Lynn Daneault,21.0,Employee Referral,PIP,2.0,5,0,1/28/2019,4,7,3.89,50,1,Medium
"Foss, Jason",0,178000,0,12,IT Director,MA,1460,1980-07-05,M ,Single,US Citizen,No,Black or African American,2011-04-15,Active,N/A-StillEmployed,Active,IT/IS,Jennifer Zamora,5.0,Indeed,Exceeds,5.0,5,5,1/7/2019,0,15,14.68,45,4,High
"Foster-Baker, Amy",0,99351,0,26,Sr. Accountant,MA,2050,1979-04-16,F,Married,US Citizen,no,White,2009-01-05,Active,N/A-StillEmployed,Active,Admin Offices,Board of Directors,9.0,Other,Fully Meets,5.0,3,2,2/8/2019,0,3,16.95,46,3,High
"Fraval, Maruk ",0,67251,0,3,Area Sales Manager,CT,6050,1963-08-28,M ,Single,US Citizen,No,Black or African American,2011-09-06,Active,N/A-StillEmployed,Active,Sales,Lynn Daneault,21.0,CareerBuilder,Fully Meets,4.3,3,0,1/27/2019,2,7,14.29,62,3,Medium
"Galia, Lisa",0,65707,0,14,IT Support,CT,6040,1968-07-06,F,Single,US Citizen,No,White,2010-05-01,Active,N/A-StillEmployed,Active,IT/IS,Eric Dougall,6.0,LinkedIn,Fully Meets,4.7,4,5,2/1/2019,0,1,15.64,57,3,Medium
"Garcia, Raul",0,52249,0,19,Production Technician I,MA,1905,1985-09-15,M ,Single,US Citizen,Yes,White,2015-03-30,Active,N/A-StillEmployed,Active,Production       ,David Stanley,14.0,Employee Referral,Fully Meets,4.5,3,0,2/18/2019,0,5,10.72,40,3,Low
"Gaul, Barbara",0,53171,0,19,Production Technician I,MA,2121,1983-12-02,F,Single,US Citizen,Yes,Black or African American,2011-05-16,Active,N/A-StillEmployed,Active,Production       ,Kelley Spirea,18.0,LinkedIn,Fully Meets,4.2,4,0,2/26/2019,0,12,14.6,42,3,Low
"Gentry, Mildred",0,51337,0,19,Production Technician I,MA,2145,1990-10-01,F,Married,US Citizen,No,Black or African American,2015-03-30,Active,N/A-StillEmployed,Active,Production       ,Michael Albert,22.0,LinkedIn,Fully Meets,3.73,3,0,1/16/2019,0,19,10.72,35,3,Low
"Gerke, Melisa",1,51505,1,19,Production Technician I,MA,2330,1970-05-15,F,Divorced,US Citizen,No,Black or African American,2011-11-07,11/15/2016,hours,Voluntarily Terminated,Production       ,Elijiah Gray,16.0,Diversity Job Fair,Fully Meets,4.24,4,0,4/29/2016,0,2,5.02,55,3,Low
"Gill, Whitney  ",0,59370,1,3,Area Sales Manager,OH,43050,1971-07-10,F,Widowed,US Citizen,No,Black or African American,2014-07-07,9/5/2015,attendance,Terminated for Cause,Sales,John Smith,17.0,CareerBuilder,Fully Meets,3.97,4,0,1/15/2014,0,7,1.16,54,3,Medium
"Gilles, Alex",1,54933,1,19,Production Technician I,MA,2062,1974-08-09,M ,Married,US Citizen,No,Black or African American,2012-04-02,6/25/2015,military,Voluntarily Terminated,Production       ,Webster Butler,39.0,Diversity Job Fair,Needs Improvement,3.97,4,0,1/20/2015,3,15,3.23,51,2,Low
"Girifalco, Evelyn",0,57815,0,19,Production Technician I,MA,2451,1980-05-08,F,Single,US Citizen,Yes,Two or more races,2014-09-29,Active,N/A-StillEmployed,Active,Production       ,Amy Dunn,11.0,Indeed,Exceeds,3.9,4,0,2/7/2019,0,3,11.22,45,4,Medium
"Givens, Myriam",0,61555,0,3,Area Sales Manager,IN,46204,1989-09-22,F,Single,US Citizen,No,White,2015-02-16,Active,N/A-StillEmployed,Active,Sales,Lynn Daneault,21.0,Indeed,Fully Meets,4.5,5,0,1/25/2019,0,20,10.84,36,3,Medium
"Goble, Taisha",0,114800,1,8,Database Administrator,MA,2127,1971-10-23,F,Single,US Citizen,No,White,2015-02-16,3/15/2015,"no-call, no-show",Terminated for Cause,IT/IS,Simon Roup,4.0,Indeed,Fully Meets,4.6,4,4,1/20/2015,0,10,0.07,54,3,High
"Goeth, Amon",0,74679,0,14,IT Support,MA,2135,1989-11-24,M ,Married,US Citizen,Yes,White,2015-03-30,Active,N/A-StillEmployed,Active,IT/IS,Peter Monroe,7.0,LinkedIn,Fully Meets,4.3,5,7,1/10/2019,0,20,10.72,36,3,High
"Gold, Shenice  ",0,53018,0,19,Production Technician I,MA,2451,1992-06-18,F,Single,US Citizen,Yes,White,2013-11-11,Active,N/A-StillEmployed,Active,Production       ,Ketsia Liebig,19.0,Indeed,Fully Meets,4.3,5,0,2/18/2019,0,7,12.1,33,3,Low
"Gonzalez, Cayo",1,59892,0,19,Production Technician I,MA,2108,1969-09-29,M ,Divorced,US Citizen,No,Black or African American,2011-07-11,Active,N/A-StillEmployed,Active,Production       ,Brannon Miller,12.0,Diversity Job Fair,Exceeds,4.5,4,0,2/18/2019,0,1,14.44,56,4,Medium
"Gonzalez, Juan",1,68898,1,20,Production Technician II,MA,2128,1964-10-12,M ,Married,US Citizen,No,Black or African American,2010-04-26,5/30/2011,career change,Voluntarily Terminated,Production       ,Brannon Miller,12.0,Diversity Job Fair,PIP,3.0,3,0,3/6/2011,3,10,1.09,61,1,Medium
"Gonzalez, Maria",0,61242,0,14,IT Support,MA,2472,1981-04-16,F,Separated,US Citizen,Yes,White,2015-01-05,Active,N/A-StillEmployed,Active,IT/IS,Peter Monroe,7.0,Employee Referral,Fully Meets,4.61,4,5,1/28/2019,0,11,10.95,44,3,Medium
"Good, Susan",0,66825,0,20,Production Technician II,MA,1886,1986-05-25,F,Married,US Citizen,No,White,2014-05-12,Active,N/A-StillEmployed,Active,Production       ,David Stanley,14.0,LinkedIn,Fully Meets,4.6,3,0,2/7/2019,0,20,11.61,39,3,Medium
"Gordon, David",0,48285,0,19,Production Technician I,MA,2169,1979-05-21,M ,Married,US Citizen,No,White,2012-07-02,Active,N/A-StillEmployed,Active,Production       ,David Stanley,14.0,LinkedIn,Fully Meets,5.0,3,0,1/14/2019,0,2,13.46,46,3,Low
"Gosciminski, Phylicia  ",0,66149,0,20,Production Technician II,MA,1824,1983-12-08,F,Separated,US Citizen,No,American Indian or Alaska Native,2013-09-30,Active,N/A-StillEmployed,Active,Production       ,Kissy Sullivan,20.0,Google Search,Fully Meets,4.4,5,0,2/21/2019,0,1,12.22,42,3,Medium
"Goyal, Roxana",0,49256,0,19,Production Technician I,MA,1864,1974-10-09,F,Married,US Citizen,No,Asian,2013-08-19,Active,N/A-StillEmployed,Active,Production       ,Kissy Sullivan,20.0,LinkedIn,Fully Meets,4.1,5,0,2/15/2019,0,3,12.33,51,3,Low
"Gray, Elijiah  ",0,62957,0,18,Production Manager,MA,1752,1981-07-11,M ,Divorced,US Citizen,No,White,2015-06-02,Active,N/A-StillEmployed,Active,Production       ,Janet King,2.0,Employee Referral,Fully Meets,4.63,3,0,1/4/2019,0,2,10.55,44,3,Medium
"Gross, Paula",0,63813,1,19,Production Technician I,MA,2176,1983-05-21,F,Divorced,US Citizen,No,White,2011-02-21,1/11/2014,more money,Voluntarily Terminated,Production       ,Kelley Spirea,18.0,CareerBuilder,Fully Meets,5.0,5,0,6/3/2013,0,17,2.89,42,3,Medium
"Gruber, Hans",0,99020,0,4,BI Developer,MA,2134,1989-06-30,M ,Married,US Citizen,No,Black or African American,2017-04-20,Active,N/A-StillEmployed,Active,IT/IS,Brian Champaigne,13.0,Indeed,Fully Meets,4.2,5,5,1/28/2019,0,8,8.67,36,3,High
"Guilianno, Mike",0,71707,1,3,Area Sales Manager,TN,37129,1969-02-09,M ,Single,US Citizen,No,Two or more races,2012-03-07,10/31/2014,relocation out of area,Voluntarily Terminated,Sales,John Smith,17.0,LinkedIn,Fully Meets,4.5,5,0,2/1/2013,0,20,2.65,56,3,Medium
"Handschiegl, Joanne",0,54828,0,19,Production Technician I,MA,2127,1977-03-23,F,Married,US Citizen,No,White,2011-11-28,Active,N/A-StillEmployed,Active,Production       ,Michael Albert,22.0,Google Search,Fully Meets,4.2,4,0,2/22/2019,0,13,14.06,48,3,Low
"Hankard, Earnest",0,64246,0,20,Production Technician II,MA,2155,1988-08-10,M ,Single,US Citizen,Yes,White,2013-11-11,Active,N/A-StillEmployed,Active,Production       ,Kelley Spirea,18.0,LinkedIn,Fully Meets,5.0,3,0,1/8/2019,0,20,12.1,37,3,Medium
"Harrington, Christie ",0,52177,1,19,Production Technician I,MA,2324,1952-08-18,F,Single,US Citizen,No,White,2012-01-09,12/15/2015,retiring,Voluntarily Terminated,Production       ,Webster Butler,39.0,CareerBuilder,Fully Meets,4.64,4,0,5/2/2015,0,8,3.93,73,3,Low
"Harrison, Kara",0,62065,0,19,Production Technician I,MA,1886,1974-05-02,F,Married,US Citizen,No,White,2014-05-12,Active,N/A-StillEmployed,Active,Production       ,Amy Dunn,11.0,CareerBuilder,Exceeds,4.76,4,0,2/15/2019,0,5,11.61,51,4,Medium
"Heitzman, Anthony",0,46998,0,19,Production Technician I,MA,2149,1984-01-04,M ,Single,US Citizen,No,White,2012-08-13,Active,N/A-StillEmployed,Active,Production       ,Ketsia Liebig,19.0,Google Search,Fully Meets,4.17,4,0,2/11/2019,0,1,13.35,41,3,Low
"Hendrickson, Trina",0,68099,1,20,Production Technician II,MA,2021,1972-08-27,F,Single,US Citizen,No,White,2011-01-10,6/18/2013,hours,Voluntarily Terminated,Production       ,Kelley Spirea,18.0,CareerBuilder,Fully Meets,5.0,3,0,1/30/2013,0,15,2.44,53,3,Medium
"Hitchcock, Alfred",0,70545,0,3,Area Sales Manager,NH,3062,1988-09-14,M ,Married,US Citizen,No,American Indian or Alaska Native,2014-08-18,Active,N/A-StillEmployed,Active,Sales,John Smith,17.0,Indeed,Fully Meets,3.6,5,0,1/30/2019,0,9,11.34,37,3,Medium
"Homberger, Adrienne  J",0,63478,1,20,Production Technician II,MA,2445,1984-02-16,F,Married,Non-Citizen,No,White,2011-08-15,4/7/2012,relocation out of area,Voluntarily Terminated,Production       ,Michael Albert,30.0,Indeed,Fully Meets,3.03,5,0,3/5/2012,0,16,0.65,41,3,Medium
"Horton, Jayne",0,97999,0,8,Database Administrator,MA,2493,1984-02-21,F,Single,US Citizen,No,White,2015-03-30,Active,N/A-StillEmployed,Active,IT/IS,Simon Roup,4.0,Indeed,Fully Meets,4.48,5,6,1/3/2019,0,4,10.72,41,3,High
"Houlihan, Debra",0,180000,0,11,Director of Sales,RI,2908,1966-03-17,F,Married,US Citizen,No,White,2014-05-05,Active,N/A-StillEmployed,Active,Sales,Janet King,2.0,LinkedIn,Fully Meets,4.5,4,0,1/21/2019,0,19,11.62,59,3,High
"Howard, Estelle",0,49920,1,2,Administrative Assistant,MA,2170,1985-09-16,F,Married,US Citizen,No,Black or African American,2015-02-16,4/15/2015,"no-call, no-show",Terminated for Cause,Admin Offices,Brandon R. LeBlanc,1.0,Indeed,Fully Meets,3.24,3,4,4/15/2015,0,6,0.16,40,3,Low
"Hudson, Jane",0,55425,0,19,Production Technician I,MA,2176,1986-06-10,F,Single,US Citizen,No,White,2012-02-20,Active,N/A-StillEmployed,Active,Production       ,Ketsia Liebig,19.0,LinkedIn,Fully Meets,4.8,4,0,1/7/2019,0,4,13.83,39,3,Low
"Hunts, Julissa",0,69340,0,20,Production Technician II,MA,2021,1984-03-11,F,Single,US Citizen,No,White,2016-06-06,Active,N/A-StillEmployed,Active,Production       ,Elijiah Gray,16.0,LinkedIn,Fully Meets,3.0,5,0,1/18/2019,0,4,9.54,41,3,Medium
"Hutter, Rosalie",0,64995,0,20,Production Technician II,MA,2351,1992-05-07,F,Separated,US Citizen,No,White,2015-06-05,Active,N/A-StillEmployed,Active,Production       ,Webster Butler,,Indeed,Fully Meets,4.5,3,0,2/14/2019,0,6,10.54,33,3,Medium
"Huynh, Ming",0,68182,1,20,Production Technician II,MA,1742,1976-09-22,F,Divorced,US Citizen,No,White,2011-02-21,4/1/2013,unhappy,Voluntarily Terminated,Production       ,Amy Dunn,11.0,Google Search,Fully Meets,3.72,3,0,2/1/2013,0,18,2.11,49,3,Medium
"Immediato, Walter",0,83082,1,18,Production Manager,MA,2128,1976-11-15,M ,Married,US Citizen,No,Asian,2011-02-21,9/24/2012,unhappy,Voluntarily Terminated,Production       ,Janet King,2.0,Indeed,Needs Improvement,2.34,2,0,4/12/2012,3,4,1.59,49,2,High
"Ivey, Rose ",0,51908,0,19,Production Technician I,MA,1775,1991-01-28,F,Single,US Citizen,No,White,2013-08-19,Active,N/A-StillEmployed,Active,Production       ,Brannon Miller,12.0,Indeed,Fully Meets,3.99,3,0,1/14/2019,0,14,12.33,34,3,Low
"Jackson, Maryellen",0,61242,0,19,Production Technician I,MA,2081,1972-09-11,F,Single,US Citizen,No,Black or African American,2012-11-05,Active,N/A-StillEmployed,Active,Production       ,David Stanley,14.0,LinkedIn,Fully Meets,4.1,3,0,1/17/2019,0,7,13.12,53,3,Medium
"Jacobi, Hannah  ",0,45069,0,19,Production Technician I,MA,1778,1966-03-22,F,Divorced,US Citizen,No,White,2013-09-30,Active,N/A-StillEmployed,Active,Production       ,Kissy Sullivan,20.0,Employee Referral,Fully Meets,4.3,5,0,2/22/2019,0,7,12.22,59,3,Low
"Jeannite, Tayana",0,60724,0,20,Production Technician II,MA,1821,1986-11-06,F,Divorced,US Citizen,No,American Indian or Alaska Native,2011-07-05,Active,N/A-StillEmployed,Active,Production       ,Ketsia Liebig,19.0,LinkedIn,Exceeds,4.6,4,0,2/25/2019,0,11,14.46,39,4,Medium
"Jhaveri, Sneha  ",0,60436,0,19,Production Technician I,MA,2109,1964-04-13,F,Separated,US Citizen,No,White,2014-01-06,Active,N/A-StillEmployed,Active,Production       ,Kelley Spirea,18.0,LinkedIn,Fully Meets,5.0,5,0,1/21/2019,0,9,11.95,61,3,Medium
"Johnson, George",0,46837,1,19,Production Technician I,MA,2445,1959-08-19,M ,Married,US Citizen,No,White,2011-11-07,4/29/2018,more money,Voluntarily Terminated,Production       ,Michael Albert,22.0,CareerBuilder,Exceeds,4.7,4,0,2/14/2018,0,9,6.48,66,4,Low
"Johnson, Noelle ",0,105700,0,8,Database Administrator,MA,2301,1986-11-07,F,Married,US Citizen,No,Asian,2015-01-05,Active,N/A-StillEmployed,Active,IT/IS,Simon Roup,4.0,Indeed,Fully Meets,3.75,3,5,2/11/2019,0,2,10.95,39,3,High
"Johnston, Yen",0,63322,0,20,Production Technician II,MA,2128,1969-09-08,F,Single,US Citizen,No,White,2014-07-07,Active,N/A-StillEmployed,Active,Production       ,Brannon Miller,12.0,LinkedIn,Exceeds,4.3,3,0,1/11/2019,0,1,11.45,56,4,Medium
"Jung, Judy  ",0,61154,1,19,Production Technician I,MA,2446,1986-04-17,F,Married,US Citizen,No,Black or African American,2011-01-10,4/1/2016,unhappy,Voluntarily Terminated,Production       ,Elijiah Gray,16.0,CareerBuilder,Fully Meets,4.0,4,0,2/3/2016,0,4,5.22,39,3,Medium
"Kampew, Donysha",0,68999,1,21,Sales Manager,PA,19444,1989-11-11,F,Single,US Citizen,No,White,2011-11-07,4/24/2014,maternity leave - did not return,Voluntarily Terminated,Sales,Debra Houlihan,15.0,Google Search,Fully Meets,4.5,5,0,3/30/2013,0,2,2.46,36,3,Medium
"Keatts, Kramer ",0,50482,0,19,Production Technician I,MA,1887,1976-01-19,M ,Single,US Citizen,No,White,2013-09-30,Active,N/A-StillEmployed,Active,Production       ,Michael Albert,22.0,Indeed,Fully Meets,3.07,4,0,1/23/2019,0,10,12.22,49,3,Low
"Khemmich, Bartholemew",0,65310,0,3,Area Sales Manager,CO,80820,1979-11-27,M ,Single,US Citizen,No,White,2013-08-19,Active,N/A-StillEmployed,Active,Sales,Lynn Daneault,21.0,Indeed,Fully Meets,4.3,5,0,1/22/2019,0,13,12.33,46,3,Medium
"King, Janet",0,250000,0,16,President & CEO,MA,1902,1954-09-21,F,Married,US Citizen,Yes,White,2012-07-02,Active,N/A-StillEmployed,Active,Executive Office,Board of Directors,9.0,Indeed,Fully Meets,4.83,3,0,1/17/2019,0,10,13.46,71,3,High
"Kinsella, Kathleen  ",0,54005,1,19,Production Technician I,MA,2170,1973-12-08,F,Married,US Citizen,No,White,2011-09-26,6/4/2015,more money,Voluntarily Terminated,Production       ,Webster Butler,39.0,Google Search,Fully Meets,3.6,5,0,3/1/2015,0,16,3.69,52,3,Low
"Kirill, Alexandra  ",0,45433,1,19,Production Technician I,MA,2127,1970-10-08,F,Married,US Citizen,No,White,2011-09-26,1/9/2014,more money,Voluntarily Terminated,Production       ,Amy Dunn,11.0,Google Search,Fully Meets,3.49,4,0,1/30/2013,0,6,2.29,55,3,Low
"Knapp, Bradley  J",0,46654,0,19,Production Technician I,MA,1721,1977-11-10,M ,Single,US Citizen,No,Black or African American,2014-02-17,Active,N/A-StillEmployed,Active,Production       ,Ketsia Liebig,19.0,LinkedIn,Fully Meets,3.1,3,0,2/6/2019,0,3,11.84,48,3,Low
"Kretschmer, John",0,63973,0,19,Production Technician I,MA,1801,1980-02-02,M ,Married,US Citizen,No,Asian,2011-01-10,Active,N/A-StillEmployed,Active,Production       ,Brannon Miller,12.0,Indeed,Fully Meets,3.38,3,0,1/21/2019,0,17,14.94,45,3,Medium
"Kreuger, Freddy",1,71339,0,3,Area Sales Manager,NY,10171,1969-02-24,M ,Single,US Citizen,Yes,Black or African American,2011-03-07,Active,N/A-StillEmployed,Active,Sales,John Smith,17.0,Diversity Job Fair,Fully Meets,3.65,5,0,1/17/2019,0,20,14.79,56,3,Medium
"Lajiri,  Jyoti",0,93206,0,28,Sr. Network Engineer,MA,2169,1986-04-23,M ,Married,US Citizen,No,White,2014-11-10,Active,N/A-StillEmployed,Active,IT/IS,Peter Monroe,7.0,Employee Referral,Fully Meets,4.46,5,6,1/7/2019,0,7,11.11,39,3,High
"Landa, Hans",0,82758,1,18,Production Manager,MA,1890,1972-07-01,M ,Married,US Citizen,No,White,2011-01-10,12/12/2015,attendance,Terminated for Cause,Production       ,Janet King,2.0,Employee Referral,Fully Meets,4.78,4,0,2/15/2015,0,9,4.92,53,3,High
"Langford, Lindsey",0,66074,1,20,Production Technician II,MA,2090,1979-07-25,F,Divorced,US Citizen,No,Asian,2013-01-07,3/31/2014,Another position,Voluntarily Terminated,Production       ,David Stanley,14.0,Indeed,Fully Meets,4.52,3,0,2/20/2014,0,20,1.23,46,3,Medium
"Langton, Enrico",0,46120,0,19,Production Technician I,MA,2048,1986-12-09,M ,Married,US Citizen,No,White,2012-07-09,Active,N/A-StillEmployed,Active,Production       ,David Stanley,14.0,LinkedIn,Fully Meets,5.0,5,0,2/4/2019,0,13,13.45,39,3,Low
"LaRotonda, William  ",0,64520,0,1,Accountant I,MA,1460,1984-04-26,M ,Divorced,US Citizen,No,Black or African American,2014-01-06,Active,N/A-StillEmployed,Active,Admin Offices,Brandon R. LeBlanc,1.0,Website,Fully Meets,5.0,4,4,1/17/2019,0,3,11.95,41,3,Medium
"Latif, Mohammed",0,61962,1,20,Production Technician II,MA,2126,1984-05-09,M ,Married,US Citizen,No,White,2012-04-02,4/15/2013,more money,Voluntarily Terminated,Production       ,Kissy Sullivan,20.0,Google Search,Fully Meets,4.9,3,0,2/20/2013,0,20,1.03,41,3,Medium
"Le, Binh",0,81584,0,22,Senior BI Developer,MA,1886,1987-06-14,F,Single,US Citizen,No,Asian,2016-10-02,Active,N/A-StillEmployed,Active,IT/IS,Brian Champaigne,13.0,Indeed,Fully Meets,4.1,5,7,1/8/2019,0,2,9.21,38,3,High
"Leach, Dallas",0,63676,1,19,Production Technician I,MA,1810,1979-01-17,F,Single,US Citizen,No,Asian,2011-09-26,8/19/2018,return to school,Voluntarily Terminated,Production       ,Kissy Sullivan,20.0,CareerBuilder,Fully Meets,4.88,3,0,7/2/2017,0,17,6.9,46,3,Medium
"LeBlanc, Brandon  R",0,93046,0,23,Shared Services Manager,MA,1460,1984-06-10,M ,Married,US Citizen,No,White,2016-01-05,Active,N/A-StillEmployed,Active,Admin Offices,Janet King,2.0,CareerBuilder,Fully Meets,4.1,4,0,1/28/2019,0,20,9.95,41,3,High
"Lecter, Hannibal",0,64738,0,19,Production Technician I,MA,1776,1982-09-02,M ,Married,US Citizen,No,Asian,2012-05-14,Active,N/A-StillEmployed,Active,Production       ,Elijiah Gray,16.0,Google Search,Fully Meets,4.1,3,0,2/22/2019,0,10,13.6,43,3,Medium
"Leruth, Giovanni",0,70468,0,3,Area Sales Manager,UT,84111,1988-12-27,M ,Separated,US Citizen,No,Black or African American,2012-04-30,Active,N/A-StillEmployed,Active,Sales,John Smith,17.0,Website,Fully Meets,4.53,3,0,1/29/2019,0,16,13.64,36,3,Medium
"Liebig, Ketsia",0,77915,0,18,Production Manager,MA,2110,1981-10-26,F,Married,US Citizen,No,White,2013-09-30,Active,N/A-StillEmployed,Active,Production       ,Janet King,2.0,Website,Exceeds,4.1,3,0,1/21/2019,0,11,12.22,44,4,High
"Linares, Marilyn ",0,52624,1,19,Production Technician I,MA,1886,1981-03-26,F,Married,US Citizen,No,White,2011-07-05,9/26/2018,unhappy,Voluntarily Terminated,Production       ,Michael Albert,22.0,Indeed,Fully Meets,3.18,4,0,3/2/2018,0,16,7.23,44,3,Low
"Linden, Mathew",0,63450,0,20,Production Technician II,MA,1770,1979-03-19,M ,Married,US Citizen,No,White,2013-07-08,Active,N/A-StillEmployed,Active,Production       ,Kelley Spirea,18.0,LinkedIn,Fully Meets,4.0,3,0,2/18/2019,0,7,12.45,46,3,Medium
"Lindsay, Leonara ",1,51777,0,14,IT Support,CT,6070,1988-10-05,F,Single,US Citizen,Yes,Black or African American,2011-01-21,Active,N/A-StillEmployed,Active,IT/IS,Eric Dougall,6.0,Diversity Job Fair,Exceeds,4.64,4,5,1/25/2019,0,14,14.91,37,4,Low
"Lundy, Susan",0,67237,1,20,Production Technician II,MA,2122,1976-12-26,F,Widowed,US Citizen,No,White,2013-07-08,9/15/2016,more money,Voluntarily Terminated,Production       ,Michael Albert,22.0,LinkedIn,Fully Meets,4.65,4,0,6/10/2016,0,15,3.19,48,3,Medium
"Lunquist, Lisa",0,73330,0,20,Production Technician II,MA,2324,1982-03-28,F,Single,US Citizen,No,Black or African American,2013-08-19,Active,N/A-StillEmployed,Active,Production       ,Elijiah Gray,16.0,Indeed,Exceeds,4.2,4,0,2/12/2019,0,19,12.33,43,4,High
"Lydon, Allison",0,52057,0,19,Production Technician I,MA,2122,1975-10-22,F,Married,US Citizen,No,Black or African American,2015-02-16,Active,N/A-StillEmployed,Active,Production       ,Elijiah Gray,16.0,Website,Fully Meets,5.0,3,0,1/23/2019,0,6,10.84,50,3,Low
"Lynch, Lindsay",1,47434,1,19,Production Technician I,MA,1844,1973-02-14,F,Single,US Citizen,Yes,Black or African American,2011-11-07,11/14/2015,Another position,Voluntarily Terminated,Production       ,Webster Butler,39.0,Diversity Job Fair,Exceeds,5.0,4,0,2/2/2015,0,17,4.02,52,4,Low
"MacLennan, Samuel",0,52788,1,19,Production Technician I,MA,1938,1972-11-09,M ,Widowed,US Citizen,No,White,2012-09-24,9/26/2017,hours,Voluntarily Terminated,Production       ,Amy Dunn,11.0,Indeed,Fully Meets,3.08,4,0,4/1/2017,0,18,5.0,53,3,Low
"Mahoney, Lauren  ",0,45395,0,19,Production Technician I,MA,2189,1986-07-07,F,Single,US Citizen,No,White,2014-01-06,Active,N/A-StillEmployed,Active,Production       ,Ketsia Liebig,19.0,LinkedIn,Fully Meets,4.6,4,0,2/26/2019,0,14,11.95,39,3,Low
"Manchester, Robyn",0,62385,0,20,Production Technician II,MA,2324,1976-08-25,F,Married,US Citizen,No,White,2016-05-11,Active,N/A-StillEmployed,Active,Production       ,Webster Butler,,LinkedIn,Fully Meets,5.0,3,0,1/21/2019,0,4,9.61,49,3,Medium
"Mancuso, Karen",0,68407,1,20,Production Technician II,MA,2176,1986-12-10,F,Married,US Citizen,No,Two or more races,2011-07-05,8/19/2012,Another position,Voluntarily Terminated,Production       ,Amy Dunn,11.0,LinkedIn,Fully Meets,5.0,4,0,7/2/2012,0,16,1.13,39,3,Medium
"Mangal, Debbie",0,61349,0,19,Production Technician I,MA,2451,1974-11-07,F,Married,US Citizen,No,White,2013-11-11,Active,N/A-StillEmployed,Active,Production       ,Brannon Miller,12.0,LinkedIn,Fully Meets,4.1,3,0,1/22/2019,0,11,12.1,51,3,Medium
"Martin, Sandra",0,105688,0,24,Software Engineer,MA,2135,1987-11-07,F,Single,US Citizen,No,Asian,2013-11-11,Active,N/A-StillEmployed,Active,Software Engineering,Alex Sweetwater,10.0,Google Search,Fully Meets,4.5,5,4,1/14/2019,0,14,12.1,38,3,High
"Maurice, Shana",0,54132,0,19,Production Technician I,MA,2330,1977-11-22,F,Married,US Citizen,No,White,2011-05-31,Active,N/A-StillEmployed,Active,Production       ,David Stanley,14.0,Indeed,Fully Meets,5.0,4,0,1/10/2019,0,8,14.55,48,3,Low
"Carthy, B'rigit",0,55315,0,20,Production Technician II,MA,2149,1987-05-21,F,Single,US Citizen,No,Black or African American,2015-03-30,Active,N/A-StillEmployed,Active,Production       ,Ketsia Liebig,19.0,LinkedIn,Fully Meets,5.0,5,0,2/7/2019,0,16,10.72,38,3,Low
"Mckenna, Sandy",0,62810,0,19,Production Technician I,MA,2184,1987-01-07,F,Married,US Citizen,No,Black or African American,2013-01-07,Active,N/A-StillEmployed,Active,Production       ,Kissy Sullivan,20.0,CareerBuilder,Fully Meets,3.93,3,0,1/30/2019,0,20,12.95,38,3,Medium
"McKinzie, Jac",0,63291,0,3,Area Sales Manager,TX,78789,1984-07-01,M ,Married,US Citizen,No,Two or more races,2016-07-06,Active,N/A-StillEmployed,Active,Sales,Lynn Daneault,21.0,Website,Fully Meets,3.4,4,0,1/29/2019,0,7,9.45,41,3,Medium
"Meads, Elizabeth",1,62659,1,19,Production Technician I,MA,1760,1968-05-30,F,Single,US Citizen,No,Black or African American,2012-04-02,11/11/2016,Another position,Voluntarily Terminated,Production       ,Kelley Spirea,18.0,Diversity Job Fair,Fully Meets,4.18,4,0,2/5/2016,0,17,4.61,57,3,Medium
"Medeiros, Jennifer",0,55688,0,19,Production Technician I,MA,2346,1976-09-22,F,Single,US Citizen,No,White,2015-03-30,Active,N/A-StillEmployed,Active,Production       ,Michael Albert,22.0,CareerBuilder,Fully Meets,5.0,4,0,1/21/2019,0,10,10.72,49,3,Medium
"Miller, Brannon",0,83667,0,18,Production Manager,MA,2045,1981-08-10,M ,Single,US Citizen,yes,Hispanic,2012-08-16,Active,N/A-StillEmployed,Active,Production       ,Janet King,2.0,Indeed,Fully Meets,4.37,3,0,1/14/2019,0,2,13.34,44,3,High
"Miller, Ned",0,55800,1,20,Production Technician II,MA,2472,1985-06-29,M ,Single,US Citizen,No,White,2011-08-15,9/4/2014,unhappy,Voluntarily Terminated,Production       ,Brannon Miller,12.0,LinkedIn,PIP,3.0,2,0,1/14/2013,6,6,3.06,40,1,Medium
"Monkfish, Erasumus",0,58207,0,20,Production Technician II,MA,1450,1992-08-17,M ,Married,US Citizen,No,White,2011-11-07,Active,N/A-StillEmployed,Active,Production       ,David Stanley,14.0,LinkedIn,Fully Meets,3.7,3,0,1/8/2019,0,14,14.12,33,3,Medium
"Monroe, Peter",1,157000,0,13,IT Manager - Infra,MA,2134,1986-10-05,M ,Married,Eligible NonCitizen,Yes,Black or African American,2012-02-15,Active,N/A-StillEmployed,Active,IT/IS,Jennifer Zamora,5.0,Diversity Job Fair,Needs Improvement,2.39,3,6,2/22/2019,4,13,13.84,39,2,High
"Monterro, Luisa",0,72460,0,20,Production Technician II,MA,2126,1970-04-24,F,Single,US Citizen,No,Black or African American,2013-05-13,Active,N/A-StillEmployed,Active,Production       ,Kissy Sullivan,20.0,Indeed,Exceeds,4.7,3,0,1/14/2019,0,1,12.6,55,4,High
"Moran, Patrick",1,72106,0,20,Production Technician II,MA,2127,1976-12-03,M ,Single,US Citizen,No,Black or African American,2012-01-09,Active,N/A-StillEmployed,Active,Production       ,Kelley Spirea,18.0,Diversity Job Fair,Fully Meets,4.1,4,0,1/31/2019,0,12,13.94,49,3,High
"Morway, Tanya",0,52599,0,15,Network Engineer,MA,2048,1979-04-04,F,Married,US Citizen,No,White,2015-02-16,Active,N/A-StillEmployed,Active,IT/IS,Peter Monroe,7.0,CareerBuilder,Fully Meets,3.81,3,6,2/11/2019,0,6,10.84,46,3,Low
"Motlagh,  Dawn",0,63430,0,19,Production Technician I,MA,2453,1984-07-07,F,Divorced,US Citizen,No,White,2013-04-01,Active,N/A-StillEmployed,Active,Production       ,Elijiah Gray,16.0,LinkedIn,Fully Meets,4.4,4,0,1/17/2019,0,18,12.72,41,3,Medium
"Moumanil, Maliki ",0,74417,0,20,Production Technician II,MA,1460,1974-12-01,M ,Separated,US Citizen,No,Black or African American,2013-05-13,Active,N/A-StillEmployed,Active,Production       ,Michael Albert,22.0,LinkedIn,Fully Meets,4.29,5,0,1/28/2019,0,11,12.6,51,3,High
"Myers, Michael",0,57575,0,19,Production Technician I,MA,1550,1980-04-18,M ,Single,US Citizen,No,Asian,2013-07-08,Active,N/A-StillEmployed,Active,Production       ,Kissy Sullivan,20.0,LinkedIn,Fully Meets,4.1,4,0,1/22/2019,0,13,12.45,45,3,Medium
"Navathe, Kurt",0,87921,0,22,Senior BI Developer,MA,2056,1970-04-25,M ,Single,US Citizen,No,Asian,2017-02-10,Active,N/A-StillEmployed,Active,IT/IS,Brian Champaigne,13.0,Indeed,Fully Meets,5.0,3,6,2/25/2019,0,17,8.85,55,3,High
"Ndzi, Colombui",1,50470,1,19,Production Technician I,MA,2110,1989-05-02,M ,Single,US Citizen,No,Black or African American,2011-09-26,4/4/2014,return to school,Voluntarily Terminated,Production       ,Webster Butler,39.0,Diversity Job Fair,Fully Meets,4.3,3,0,3/2/2013,0,19,2.52,36,3,Low
"Ndzi, Horia",0,46664,1,19,Production Technician I,MA,2421,1983-03-28,M ,Married,US Citizen,No,White,2013-04-01,5/25/2016,more money,Voluntarily Terminated,Production       ,Amy Dunn,11.0,Employee Referral,Fully Meets,3.18,3,0,3/6/2016,0,10,3.15,42,3,Low
"Newman, Richard ",0,48495,0,19,Production Technician I,MA,2136,1977-04-08,M ,Married,US Citizen,No,White,2014-05-12,Active,N/A-StillEmployed,Active,Production       ,Ketsia Liebig,19.0,LinkedIn,Fully Meets,5.0,5,0,2/18/2019,0,11,11.61,48,3,Low
"Ngodup, Shari ",1,52984,0,19,Production Technician I,MA,1810,1967-06-03,F,Separated,US Citizen,No,Black or African American,2013-04-01,Active,N/A-StillEmployed,Active,Production       ,Brannon Miller,12.0,Diversity Job Fair,Exceeds,4.0,3,0,2/13/2019,0,12,12.72,58,4,Low
"Nguyen, Dheepa",0,63695,0,3,Area Sales Manager,GA,30428,1989-03-31,F,Single,US Citizen,No,Two or more races,2013-07-08,Active,N/A-StillEmployed,Active,Sales,Lynn Daneault,21.0,Indeed,Fully Meets,5.0,5,0,1/25/2019,0,2,12.45,36,3,Medium
"Nguyen, Lei-Ming",0,62061,0,19,Production Technician I,MA,2132,1984-07-07,F,Single,US Citizen,No,White,2013-07-08,Active,N/A-StillEmployed,Active,Production       ,David Stanley,14.0,LinkedIn,Fully Meets,3.6,5,0,1/2/2019,0,4,12.45,41,3,Medium
"Nowlan, Kristie",0,66738,0,20,Production Technician II,MA,1040,1985-11-23,F,Single,US Citizen,No,White,2014-11-10,Active,N/A-StillEmployed,Active,Production       ,Elijiah Gray,16.0,Indeed,Fully Meets,4.53,5,0,1/16/2019,0,5,11.11,40,3,Medium
"O'hare, Lynn",0,52674,1,19,Production Technician I,MA,2152,1980-09-30,F,Single,US Citizen,No,Two or more races,2014-03-31,5/1/2018,performance,Terminated for Cause,Production       ,Kissy Sullivan,20.0,LinkedIn,PIP,2.33,2,0,3/9/2018,6,3,4.08,45,1,Low
"Oliver, Brooke ",0,71966,1,20,Production Technician II,MA,2492,1952-02-11,F,Married,US Citizen,No,Asian,2012-05-14,8/19/2013,unhappy,Voluntarily Terminated,Production       ,Webster Butler,39.0,LinkedIn,Fully Meets,5.0,3,0,7/2/2013,0,17,1.26,73,3,Medium
"Onque, Jasmine",0,63051,0,3,Area Sales Manager,FL,33174,1990-05-11,F,Single,US Citizen,Yes,White,2013-09-30,Active,N/A-StillEmployed,Active,Sales,Lynn Daneault,21.0,Indeed,Fully Meets,4.28,3,0,1/25/2019,0,1,12.22,35,3,Medium
"Osturnka, Adeel",0,47414,0,19,Production Technician I,MA,2478,1976-12-11,M ,Married,US Citizen,No,White,2013-09-30,Active,N/A-StillEmployed,Active,Production       ,Kelley Spirea,18.0,LinkedIn,Exceeds,5.0,3,0,2/7/2019,0,13,12.22,49,4,Low
"Owad, Clinton",0,53060,0,19,Production Technician I,MA,1760,1979-11-24,M ,Single,US Citizen,No,Black or African American,2014-02-17,Active,N/A-StillEmployed,Active,Production       ,Michael Albert,22.0,LinkedIn,Needs Improvement,4.25,3,0,2/4/2019,4,6,11.84,46,2,Low
"Ozark, Travis",0,68829,0,3,Area Sales Manager,NC,27229,1982-05-19,M ,Single,US Citizen,No,White,2015-01-05,Active,N/A-StillEmployed,Active,Sales,John Smith,17.0,Website,Fully Meets,5.0,5,0,1/14/2019,0,18,10.95,43,3,Medium
"Panjwani, Nina",0,63515,1,19,Production Technician I,MA,2351,1979-05-01,F,Married,US Citizen,No,White,2011-02-07,1/12/2014,Another position,Voluntarily Terminated,Production       ,Elijiah Gray,16.0,Google Search,Fully Meets,3.89,4,0,3/4/2013,0,7,2.93,46,3,Medium
"Patronick, Lucas",1,108987,1,24,Software Engineer,MA,1844,1979-02-20,M ,Single,US Citizen,No,Black or African American,2011-11-07,9/7/2015,Another position,Voluntarily Terminated,Software Engineering,Alex Sweetwater,10.0,Diversity Job Fair,Exceeds,5.0,5,3,8/16/2015,0,13,3.83,46,4,High
"Pearson, Randall",0,93093,1,9,Data Analyst,MA,2747,1984-09-05,M ,Married,US Citizen,No,White,2014-12-01,5/1/2016,performance,Voluntarily Terminated,IT/IS,Simon Roup,4.0,Employee Referral,Fully Meets,4.7,4,5,1/16/2016,0,19,1.42,41,3,High
"Smith, Martin",0,53564,1,19,Production Technician I,MA,2458,1988-03-17,M ,Single,US Citizen,No,Black or African American,2011-01-10,12/28/2017,career change,Voluntarily Terminated,Production       ,Webster Butler,39.0,Google Search,Needs Improvement,3.54,5,0,4/6/2017,4,15,6.97,37,2,Low
"Pelletier, Ermine",0,60270,1,20,Production Technician II,MA,2472,1989-07-18,F,Married,US Citizen,No,Asian,2011-07-05,9/15/2015,unhappy,Voluntarily Terminated,Production       ,Amy Dunn,11.0,CareerBuilder,Needs Improvement,2.4,5,0,2/6/2015,5,2,4.2,36,2,Medium
"Perry, Shakira",0,45998,1,19,Production Technician I,MA,2176,1986-07-20,F,Single,US Citizen,No,White,2011-05-16,10/25/2015,medical issues,Voluntarily Terminated,Production       ,Amy Dunn,11.0,LinkedIn,Fully Meets,3.45,4,0,5/13/2014,0,5,4.44,39,3,Low
"Peters, Lauren",0,57954,1,20,Production Technician II,MA,1886,1986-08-17,F,Married,US Citizen,No,White,2011-05-16,2/4/2013,more money,Voluntarily Terminated,Production       ,Ketsia Liebig,19.0,Indeed,Exceeds,4.2,5,0,1/10/2013,0,12,1.72,39,4,Medium
"Peterson, Ebonee  ",0,74669,1,18,Production Manager,MA,2030,1977-05-09,F,Married,US Citizen,No,White,2010-10-25,5/18/2016,Another position,Voluntarily Terminated,Production       ,Janet King,2.0,Indeed,Fully Meets,4.16,5,0,3/5/2015,0,6,5.56,48,3,High
"Petingill, Shana  ",0,74226,0,20,Production Technician II,MA,2050,1979-03-10,F,Married,Eligible NonCitizen,No,Asian,2012-04-02,Active,N/A-StillEmployed,Active,Production       ,Brannon Miller,12.0,LinkedIn,Fully Meets,4.3,3,0,1/14/2019,0,14,13.71,46,3,High
"Petrowsky, Thelma",0,93554,0,9,Data Analyst,MA,1886,1984-09-16,F,Married,US Citizen,No,Black or African American,2014-11-10,Active,N/A-StillEmployed,Active,IT/IS,Simon Roup,4.0,Employee Referral,Exceeds,4.6,5,7,1/4/2019,0,16,11.11,41,4,High
"Pham, Hong",0,64724,1,19,Production Technician I,MA,2451,1988-03-06,M ,Married,US Citizen,No,Asian,2011-07-05,11/30/2012,more money,Voluntarily Terminated,Production       ,Brannon Miller,12.0,Google Search,Fully Meets,5.0,3,0,2/20/2012,0,13,1.41,37,3,Medium
"Pitt, Brad ",0,47001,0,19,Production Technician I,MA,2451,1981-11-23,M ,Single,US Citizen,No,White,2007-11-05,Active,N/A-StillEmployed,Active,Production       ,David Stanley,14.0,Google Search,Fully Meets,3.66,3,0,2/25/2019,0,15,18.12,44,3,Low
"Potts, Xana",0,61844,0,3,Area Sales Manager,KY,40220,1988-08-29,F,Married,US Citizen,No,Black or African American,2012-01-09,Active,N/A-StillEmployed,Active,Sales,Lynn Daneault,21.0,Website,Fully Meets,4.2,5,0,2/1/2019,0,9,13.94,37,3,Medium
"Power, Morissa",0,46799,1,19,Production Technician I,MA,1742,1984-10-15,F,Divorced,Eligible NonCitizen,No,Asian,2011-05-16,6/4/2018,Another position,Voluntarily Terminated,Production       ,Kissy Sullivan,20.0,Google Search,Fully Meets,3.17,4,0,4/2/2018,0,14,7.05,41,3,Low
"Punjabhi, Louis  ",0,59472,0,19,Production Technician I,MA,2109,1961-06-19,M ,Single,US Citizen,No,White,2014-01-06,Active,N/A-StillEmployed,Active,Production       ,Kelley Spirea,18.0,Employee Referral,Fully Meets,4.8,3,0,1/7/2019,0,14,11.95,64,3,Medium
"Purinton, Janine",0,46430,1,19,Production Technician I,MA,2474,1970-09-22,F,Divorced,US Citizen,No,White,2012-09-24,6/18/2013,unhappy,Voluntarily Terminated,Production       ,Kissy Sullivan,20.0,Indeed,Fully Meets,4.5,5,0,4/2/2013,0,16,0.73,55,3,Low
"Quinn, Sean",1,83363,1,23,Software Engineer,MA,2045,1984-11-06,M ,Married,Eligible NonCitizen,No,Black or African American,2011-02-21,8/15/2015,career change,Voluntarily Terminated,Software Engineering,Janet King,2.0,Diversity Job Fair,Fully Meets,4.15,4,0,4/19/2014,0,4,4.48,41,3,High
"Rachael, Maggie",0,95920,0,4,BI Developer,MA,2110,1980-05-12,F,Married,US Citizen,No,Black or African American,2016-10-02,Active,N/A-StillEmployed,Active,IT/IS,Brian Champaigne,13.0,Indeed,Fully Meets,4.4,4,6,2/6/2019,0,10,9.21,45,3,High
"Rarrick, Quinn",0,61729,1,19,Production Technician I,MA,2478,1984-12-31,M ,Divorced,US Citizen,No,White,2011-09-26,4/7/2018,more money,Voluntarily Terminated,Production       ,Michael Albert,22.0,Indeed,Fully Meets,3.8,5,0,2/4/2018,0,19,6.53,40,3,Medium
"Ren, Kylo",0,61809,0,3,Area Sales Manager,ID,83706,1954-10-12,M ,Married,US Citizen,No,White,2014-05-12,Active,N/A-StillEmployed,Active,Sales,John Smith,17.0,CareerBuilder,Fully Meets,3.98,3,0,1/28/2019,0,4,11.61,71,3,Medium
"Rhoads, Thomas",0,45115,1,19,Production Technician I,MA,2176,1982-07-22,M ,Divorced,US Citizen,Yes,White,2011-05-16,1/15/2016,retiring,Voluntarily Terminated,Production       ,Elijiah Gray,16.0,LinkedIn,Fully Meets,5.0,4,0,3/30/2015,0,11,4.67,43,3,Low
"Rivera, Haley  ",0,46738,0,19,Production Technician I,MA,2171,1973-01-12,F,Married,US Citizen,No,Asian,2011-11-28,Active,N/A-StillEmployed,Active,Production       ,Webster Butler,,Google Search,Exceeds,4.36,5,0,2/11/2019,0,16,14.06,52,4,Low
"Roberson, May",0,64971,1,20,Production Technician II,MA,1902,1981-09-05,F,Divorced,Eligible NonCitizen,No,Black or African American,2011-09-26,10/22/2011,return to school,Voluntarily Terminated,Production       ,David Stanley,14.0,Google Search,Fully Meets,4.5,4,0,10/22/2011,0,10,0.07,44,3,Medium
"Robertson, Peter",0,55578,1,20,Production Technician II,MA,2138,1972-07-03,M ,Married,US Citizen,No,White,2011-07-05,2/8/2012,Another position,Voluntarily Terminated,Production       ,Kissy Sullivan,20.0,Indeed,Fully Meets,4.2,5,0,1/6/2012,0,13,0.6,53,3,Medium
"Robinson, Alain  ",0,50428,1,19,Production Technician I,MA,1420,1974-01-07,M ,Married,US Citizen,No,Black or African American,2011-01-10,1/26/2016,attendance,Voluntarily Terminated,Production       ,Amy Dunn,11.0,Indeed,Fully Meets,5.0,3,0,1/10/2015,0,11,5.04,51,3,Low
"Robinson, Cherly",0,61422,1,19,Production Technician I,MA,1460,1985-01-07,F,Married,US Citizen,No,White,2011-01-10,5/17/2016,attendance,Terminated for Cause,Production       ,Ketsia Liebig,19.0,Indeed,Needs Improvement,3.6,3,0,4/5/2016,4,16,5.35,40,2,Medium
"Robinson, Elias",0,63353,0,19,Production Technician I,MA,1730,1985-01-28,M ,Widowed,US Citizen,No,White,2013-07-08,Active,N/A-StillEmployed,Active,Production       ,Brannon Miller,12.0,Employee Referral,Exceeds,3.6,5,0,2/11/2019,0,4,12.45,40,4,Medium
"Roby, Lori ",0,89883,0,9,Data Analyst,MA,1886,1981-10-11,F,Married,US Citizen,No,White,2015-02-16,Active,N/A-StillEmployed,Active,IT/IS,Simon Roup,4.0,Employee Referral,Fully Meets,3.69,5,6,2/14/2019,0,15,10.84,44,3,High
"Roehrich, Bianca",0,120000,1,29,Principal Data Architect,MA,2703,1973-05-27,F,Single,US Citizen,Yes,White,2015-01-05,11/10/2018,Another position,Voluntarily Terminated,IT/IS,Simon Roup,4.0,LinkedIn,Fully Meets,3.88,3,7,2/13/2018,0,12,3.85,52,3,High
"Roper, Katie",0,150290,0,7,Data Architect,MA,2056,1972-11-21,F,Single,US Citizen,No,Black or African American,2017-01-07,Active,N/A-StillEmployed,Active,IT/IS,Brian Champaigne,13.0,Indeed,Fully Meets,4.94,3,5,2/6/2019,0,17,8.95,53,3,High
"Rose, Ashley  ",0,60627,0,19,Production Technician I,MA,1886,1974-12-05,F,Separated,US Citizen,No,White,2014-01-06,Active,N/A-StillEmployed,Active,Production       ,David Stanley,14.0,Website,Fully Meets,5.0,4,0,1/31/2019,0,8,11.95,51,3,Medium
"Rossetti, Bruno",0,53180,1,19,Production Technician I,MA,2155,1987-03-18,M ,Single,US Citizen,No,White,2011-04-04,8/13/2018,Another position,Voluntarily Terminated,Production       ,Kissy Sullivan,20.0,Google Search,Fully Meets,5.0,5,0,7/2/2018,0,4,7.36,38,3,Low
"Roup,Simon",0,140920,0,13,IT Manager - DB,MA,2481,1973-04-05,M ,Single,US Citizen,No,White,2013-01-20,Active,N/A-StillEmployed,Active,IT/IS,Jennifer Zamora,5.0,Indeed,Fully Meets,3.6,5,7,2/18/2019,0,13,12.91,52,3,High
"Ruiz, Ricardo",1,148999,1,13,IT Manager - DB,MA,1915,1964-01-04,M ,Divorced,US Citizen,No,Black or African American,2012-01-09,11/4/2015,hours,Voluntarily Terminated,IT/IS,Jennifer Zamora,5.0,Diversity Job Fair,Fully Meets,4.3,4,6,1/4/2015,0,8,3.82,61,3,High
"Saada, Adell",0,86214,0,24,Software Engineer,MA,2132,1986-07-24,F,Married,US Citizen,No,White,2012-11-05,Active,N/A-StillEmployed,Active,Software Engineering,Alex Sweetwater,10.0,Indeed,Fully Meets,4.2,3,6,2/13/2019,0,2,13.12,39,3,High
"Saar-Beckles, Melinda",1,47750,0,19,Production Technician I,MA,1801,1968-06-06,F,Single,US Citizen,No,Black or African American,2016-07-04,Active,N/A-StillEmployed,Active,Production       ,Kelley Spirea,18.0,Diversity Job Fair,Needs Improvement,2.6,4,0,2/18/2019,5,4,9.46,57,2,Low
"Sadki, Nore  ",0,46428,1,19,Production Technician I,MA,2148,1974-12-21,M ,Single,US Citizen,No,White,2009-01-05,7/30/2018,relocation out of area,Voluntarily Terminated,Production       ,Michael Albert,22.0,Google Search,Fully Meets,4.6,5,0,2/5/2018,0,7,9.56,50,3,Low
"Sahoo, Adil",0,57975,0,20,Production Technician II,MA,2062,1986-04-26,M ,Married,US Citizen,No,White,2010-08-30,Active,N/A-StillEmployed,Active,Production       ,Kelley Spirea,18.0,CareerBuilder,Fully Meets,4.1,3,0,1/10/2019,0,13,15.3,39,3,Medium
"Salter, Jason",0,88527,1,9,Data Analyst ,MA,2452,1987-12-17,M ,Divorced,US Citizen,No,Black or African American,2015-01-05,10/31/2015,hours,Voluntarily Terminated,IT/IS,Simon Roup,4.0,LinkedIn,Fully Meets,4.2,3,5,4/20/2015,0,2,0.82,38,3,High
"Sander, Kamrin",0,56147,0,19,Production Technician I,MA,2154,1988-07-10,F,Married,US Citizen,No,Black or African American,2014-09-29,Active,N/A-StillEmployed,Active,Production       ,Elijiah Gray,16.0,LinkedIn,Fully Meets,3.51,3,0,2/18/2019,0,2,11.22,37,3,Medium
"Sewkumar, Nori",0,50923,0,19,Production Technician I,MA,2191,1975-03-10,F,Single,US Citizen,No,Asian,2013-09-30,Active,N/A-StillEmployed,Active,Production       ,Webster Butler,,Google Search,Fully Meets,5.0,5,0,2/6/2019,0,14,12.22,50,3,Low
"Shepard, Anita ",0,50750,0,15,Network Engineer,MA,1773,1981-04-14,F,Married,US Citizen,No,White,2014-09-30,Active,N/A-StillEmployed,Active,IT/IS,Peter Monroe,7.0,LinkedIn,Fully Meets,3.31,3,6,1/7/2019,0,7,11.22,44,3,Low
"Shields, Seffi",0,52087,0,19,Production Technician I,MA,2149,1985-08-24,F,Married,US Citizen,No,White,2013-08-19,Active,N/A-StillEmployed,Active,Production       ,Amy Dunn,11.0,LinkedIn,Fully Meets,4.81,4,0,2/15/2019,0,15,12.33,40,3,Low
"Simard, Kramer",0,87826,0,9,Data Analyst,MA,2110,1970-02-08,M ,Married,US Citizen,Yes,White,2015-01-05,Active,N/A-StillEmployed,Active,IT/IS,Simon Roup,4.0,Employee Referral,Fully Meets,3.32,3,7,1/14/2019,0,16,10.95,55,3,High
"Singh, Nan ",0,51920,0,2,Administrative Assistant,MA,2330,1988-05-19,F,Single,US Citizen,No,White,2015-05-01,Active,N/A-StillEmployed,Active,Admin Offices,Brandon R. LeBlanc,1.0,Website,Fully Meets,5.0,3,5,1/15/2019,0,2,10.64,37,3,Low
"Sloan, Constance",0,63878,1,20,Production Technician II,MA,1851,1987-11-25,F,Single,US Citizen,No,White,2009-10-26,4/8/2015,maternity leave - did not return,Voluntarily Terminated,Production       ,Michael Albert,22.0,CareerBuilder,Fully Meets,4.68,4,0,4/2/2015,0,20,5.45,38,3,Medium
"Smith, Joe",0,60656,0,20,Production Technician II,MA,2045,1963-10-30,M ,Single,US Citizen,No,White,2014-09-29,Active,N/A-StillEmployed,Active,Production       ,Elijiah Gray,16.0,Indeed,Exceeds,4.3,3,0,1/28/2019,0,4,11.22,62,4,Medium
"Smith, John",1,72992,0,21,Sales Manager,MA,1886,1984-08-16,M ,Divorced,US Citizen,No,Black or African American,2014-05-18,Active,N/A-StillEmployed,Active,Sales,Debra Houlihan,15.0,Diversity Job Fair,Needs Improvement,2.4,4,0,1/16/2019,2,16,11.59,41,2,High
"Smith, Leigh Ann",1,55000,1,2,Administrative Assistant,MA,1844,1987-06-14,F,Married,US Citizen,No,Black or African American,2011-09-26,9/25/2013,career change,Voluntarily Terminated,Admin Offices,Brandon R. LeBlanc,1.0,Diversity Job Fair,Fully Meets,3.8,4,4,8/15/2013,0,17,2.0,38,3,Low
"Smith, Sade",0,58939,0,19,Production Technician I,MA,2130,1965-02-02,F,Single,US Citizen,No,White,2013-11-11,Active,N/A-StillEmployed,Active,Production       ,Ketsia Liebig,19.0,Employee Referral,Fully Meets,3.73,3,0,1/24/2019,0,16,12.1,60,3,Medium
"Soto, Julia ",0,66593,0,14,IT Support,MA,2360,1973-03-12,F,Married,US Citizen,No,Black or African American,2011-06-10,Active,N/A-StillEmployed,Active,IT/IS,Eric Dougall,6.0,LinkedIn,Fully Meets,4.3,3,5,2/8/2019,0,19,14.53,52,3,Medium
"Soze, Keyser",0,87565,0,28,Sr. Network Engineer,MA,1545,1983-02-09,M ,Married,US Citizen,No,Asian,2016-06-30,Active,N/A-StillEmployed,Active,IT/IS,Peter Monroe,7.0,LinkedIn,Fully Meets,3.27,4,5,1/14/2019,0,13,9.47,42,3,High
"Sparks, Taylor  ",0,64021,0,19,Production Technician I,MA,2093,1968-07-20,F,Married,US Citizen,No,White,2012-02-20,Active,N/A-StillEmployed,Active,Production       ,Brannon Miller,12.0,Indeed,PIP,2.4,2,1,2/25/2019,6,20,13.83,57,1,Medium
"Spirea, Kelley",0,65714,0,18,Production Manager,MA,2451,1975-09-30,F,Married,US Citizen,No,White,2012-10-02,Active,N/A-StillEmployed,Active,Production       ,Janet King,2.0,LinkedIn,Fully Meets,4.83,5,0,2/14/2019,0,15,13.21,50,3,Medium
"Squatrito, Kristen",0,62425,1,19,Production Technician I,MA,2359,1973-03-26,F,Divorced,US Citizen,No,White,2013-05-13,6/29/2015,unhappy,Voluntarily Terminated,Production       ,David Stanley,14.0,LinkedIn,Exceeds,4.1,4,0,3/2/2015,0,16,2.13,52,4,Medium
"Stanford,Barbara  M",0,47961,0,19,Production Technician I,MA,2050,1982-08-25,F,Divorced,US Citizen,No,Two or more races,2011-01-10,Active,N/A-StillEmployed,Active,Production       ,Kissy Sullivan,20.0,Google Search,Fully Meets,4.1,4,0,2/7/2019,0,9,14.94,43,3,Low
"Stansfield, Norman",0,58273,0,3,Area Sales Manager,NV,89139,1974-05-09,M ,Married,US Citizen,No,White,2014-05-12,Active,N/A-StillEmployed,Active,Sales,Lynn Daneault,21.0,Website,PIP,1.81,2,0,1/17/2019,3,5,11.61,51,1,Medium
"Steans, Tyrone  ",0,63003,0,1,Accountant I,MA,2703,1986-09-01,M ,Single,US Citizen,No,White,2014-09-29,Active,N/A-StillEmployed,Active,Admin Offices,Brandon R. LeBlanc,1.0,Indeed,Fully Meets,3.9,5,5,1/18/2019,0,9,11.22,39,3,Medium
"Stoica, Rick",0,61355,0,19,Production Technician I,MA,2301,1985-03-14,M ,Married,US Citizen,No,Asian,2014-02-17,Active,N/A-StillEmployed,Active,Production       ,Kelley Spirea,18.0,LinkedIn,Fully Meets,4.7,3,0,1/11/2019,0,4,11.84,40,3,Medium
"Strong, Caitrin",0,60120,0,3,Area Sales Manager,MT,59102,1989-05-12,F,Married,US Citizen,No,Black or African American,2010-09-27,Active,N/A-StillEmployed,Active,Sales,John Smith,17.0,Indeed,Fully Meets,4.1,4,0,1/31/2019,0,18,15.23,36,3,Medium
"Sullivan, Kissy ",0,63682,0,18,Production Manager,MA,1776,1978-03-28,F,Married,US Citizen,No,Black or African American,2009-01-08,Active,N/A-StillEmployed,Active,Production       ,Janet King,2.0,Indeed,Fully Meets,3.73,4,0,1/24/2019,0,12,16.94,47,3,Medium
"Sullivan, Timothy",0,63025,0,19,Production Technician I,MA,2747,1982-10-07,M ,Married,US Citizen,Yes,White,2015-01-05,Active,N/A-StillEmployed,Active,Production       ,Michael Albert,22.0,Google Search,Fully Meets,4.36,5,0,1/24/2019,0,10,10.95,43,3,Medium
"Sutwell, Barbara",0,59238,0,19,Production Technician I,MA,2718,1968-08-15,F,Single,Eligible NonCitizen,No,Asian,2012-05-14,Active,N/A-StillEmployed,Active,Production       ,Elijiah Gray,16.0,Indeed,Fully Meets,3.4,5,0,1/31/2019,0,13,13.6,57,3,Medium
"Szabo, Andrew",0,92989,0,24,Software Engineer,MA,2140,1983-05-06,M ,Single,US Citizen,No,White,2014-07-07,Active,N/A-StillEmployed,Active,Software Engineering,Alex Sweetwater,10.0,LinkedIn,Exceeds,4.5,5,5,2/18/2019,0,1,11.45,42,4,High
"Tannen, Biff",0,90100,0,4,BI Developer,MA,2134,1987-10-24,M ,Married,US Citizen,No,White,2017-04-20,Active,N/A-StillEmployed,Active,IT/IS,Brian Champaigne,13.0,Indeed,Fully Meets,3.4,3,6,1/2/2019,0,14,8.67,38,3,High
"Tavares, Desiree  ",1,60754,1,19,Production Technician I,MA,1801,1975-04-03,F,Married,Non-Citizen,No,Black or African American,2009-04-27,4/1/2013,Another position,Voluntarily Terminated,Production       ,Webster Butler,39.0,Diversity Job Fair,Fully Meets,4.5,5,0,2/15/2012,0,11,3.93,50,3,Medium
"Tejeda, Lenora ",0,72202,1,20,Production Technician II,MA,2129,1953-05-24,F,Married,US Citizen,No,White,2011-05-16,7/8/2017,Another position,Voluntarily Terminated,Production       ,Elijiah Gray,16.0,Google Search,Fully Meets,3.93,3,0,4/18/2017,0,3,6.15,72,3,High
"Terry, Sharlene ",0,58370,0,3,Area Sales Manager,OR,97756,1965-05-07,F,Single,US Citizen,No,Black or African American,2014-09-29,Active,N/A-StillEmployed,Active,Sales,Lynn Daneault,21.0,Indeed,Fully Meets,3.69,3,0,1/28/2019,0,18,11.22,60,3,Medium
"Theamstern, Sophia",0,48413,1,19,Production Technician I,MA,2066,1965-05-09,F,Single,US Citizen,No,White,2011-07-05,9/5/2016,return to school,Voluntarily Terminated,Production       ,Amy Dunn,11.0,Indeed,Fully Meets,3.98,4,0,3/2/2016,0,1,5.17,60,3,Low
"Thibaud, Kenneth",0,67176,1,20,Production Technician II,MA,2472,1975-09-16,M ,Widowed,US Citizen,No,White,2007-06-25,8/30/2010,military,Voluntarily Terminated,Production       ,Webster Butler,39.0,Other,Fully Meets,4.1,4,0,7/14/2010,0,15,3.18,50,3,Medium
"Tippett, Jeanette",0,56339,0,19,Production Technician I,MA,2093,1967-06-05,F,Divorced,US Citizen,No,Black or African American,2013-02-18,Active,N/A-StillEmployed,Active,Production       ,Brannon Miller,12.0,Indeed,Fully Meets,4.21,5,0,1/14/2019,0,4,12.83,58,3,Medium
"Torrence, Jack",0,64397,0,3,Area Sales Manager,ND,58782,1968-01-15,M ,Separated,US Citizen,No,White,2006-01-09,Active,N/A-StillEmployed,Active,Sales,Lynn Daneault,21.0,Indeed,Exceeds,4.1,3,0,1/4/2019,0,6,19.94,57,4,Medium
"Trang, Mei",0,63025,0,19,Production Technician I,MA,2021,1983-05-16,F,Single,US Citizen,No,White,2014-02-17,Active,N/A-StillEmployed,Active,Production       ,David Stanley,14.0,LinkedIn,Needs Improvement,2.44,5,0,2/11/2019,4,18,11.84,42,2,Medium
"Tredinnick, Neville ",0,75281,1,15,Network Engineer,MA,1420,1988-05-05,M ,Married,US Citizen,No,White,2015-01-05,2/12/2016,medical issues,Voluntarily Terminated,IT/IS,Peter Monroe,7.0,CareerBuilder,Fully Meets,5.0,3,5,4/15/2015,0,11,1.1,37,3,High
"True, Edward",1,100416,1,24,Software Engineer,MA,2451,1983-06-14,M ,Single,Non-Citizen,No,Black or African American,2013-02-18,4/15/2018,medical issues,Voluntarily Terminated,Software Engineering,Alex Sweetwater,10.0,Diversity Job Fair,Fully Meets,4.6,3,4,2/12/2017,0,9,5.15,42,3,High
"Trzeciak, Cybil",0,74813,1,20,Production Technician II,MA,1778,1985-03-15,F,Single,US Citizen,No,White,2011-01-10,7/2/2014,unhappy,Voluntarily Terminated,Production       ,Amy Dunn,11.0,LinkedIn,Fully Meets,4.4,3,0,1/5/2014,0,5,3.47,40,3,High
"Turpin, Jumil",0,76029,0,15,Network Engineer,MA,2343,1969-03-31,M ,Married,Eligible NonCitizen,No,White,2015-03-30,Active,N/A-StillEmployed,Active,IT/IS,Peter Monroe,7.0,Employee Referral,Fully Meets,5.0,4,7,1/14/2019,0,8,10.72,56,3,High
"Valentin,Jackie",0,57859,0,3,Area Sales Manager,AZ,85006,1991-05-23,F,Married,US Citizen,No,Two or more races,2011-07-05,Active,N/A-StillEmployed,Active,Sales,John Smith,17.0,Indeed,Fully Meets,2.81,3,0,1/17/2019,0,16,14.46,34,3,Medium
"Veera, Abdellah ",0,58523,1,19,Production Technician I,MA,2171,1987-01-31,M ,Divorced,US Citizen,No,White,2012-08-13,2/5/2016,maternity leave - did not return,Voluntarily Terminated,Production       ,Kissy Sullivan,20.0,LinkedIn,Exceeds,4.5,5,0,2/1/2016,0,15,3.48,38,4,Medium
"Vega, Vincent",0,88976,0,17,Production Manager,MA,2169,1968-10-10,M ,Divorced,US Citizen,No,White,2011-08-01,Active,N/A-StillEmployed,Active,Production       ,Janet King,2.0,Employee Referral,Fully Meets,3.93,3,0,2/27/2019,0,19,14.38,57,3,High
"Villanueva, Noah",0,55875,0,3,Area Sales Manager,ME,4063,1989-07-11,M ,Single,US Citizen,No,Asian,2012-03-05,Active,N/A-StillEmployed,Active,Sales,John Smith,17.0,Website,Fully Meets,4.5,4,0,1/18/2019,0,11,13.79,36,3,Medium
"Voldemort, Lord",0,113999,1,8,Database Administrator,MA,1960,1986-08-07,M ,Married,US Citizen,No,Black or African American,2015-02-16,2/22/2017,"no-call, no-show",Terminated for Cause,IT/IS,Simon Roup,4.0,Employee Referral,Fully Meets,4.33,3,7,2/15/2017,0,9,2.02,39,3,High
"Volk, Colleen",0,49773,1,19,Production Technician I,MA,2747,1986-06-03,F,Married,US Citizen,No,White,2011-09-26,2/8/2016,gross misconduct,Terminated for Cause,Production       ,Kelley Spirea,18.0,Google Search,Exceeds,4.3,5,0,2/1/2015,0,18,4.37,39,4,Low
"Von Massenbach, Anna",0,62068,0,19,Production Technician I,MA,2124,1985-04-06,F,Single,US Citizen,No,White,2015-07-05,Active,N/A-StillEmployed,Active,Production       ,Michael Albert,22.0,LinkedIn,Fully Meets,3.21,3,0,1/29/2019,0,7,10.46,40,3,Medium
"Walker, Roger",0,66541,0,20,Production Technician II,MA,2459,1976-02-10,M ,Single,US Citizen,No,Black or African American,2014-08-18,Active,N/A-StillEmployed,Active,Production       ,Ketsia Liebig,19.0,Employee Referral,Fully Meets,3.11,5,0,2/12/2019,0,4,11.34,49,3,Medium
"Wallace, Courtney  E",1,80512,1,18,Production Manager,MA,2478,1955-11-14,F,Married,US Citizen,No,Black or African American,2011-09-26,1/2/2012,Another position,Voluntarily Terminated,Production       ,Janet King,2.0,Diversity Job Fair,Fully Meets,4.5,3,0,1/2/2012,0,5,0.27,70,3,High
"Wallace, Theresa",0,50274,1,19,Production Technician I,MA,1887,1980-08-02,F,Single,US Citizen,No,White,2012-08-13,9/1/2015,career change,Voluntarily Terminated,Production       ,Elijiah Gray,16.0,CareerBuilder,Needs Improvement,2.5,3,0,9/5/2014,6,13,3.05,45,2,Low
"Wang, Charlie",0,84903,0,22,Senior BI Developer,MA,1887,1981-07-08,M ,Single,US Citizen,No,Asian,2017-02-15,Active,N/A-StillEmployed,Active,IT/IS,Brian Champaigne,13.0,Indeed,Fully Meets,3.42,4,7,1/4/2019,0,17,8.84,44,3,High
"Warfield, Sarah",0,107226,0,28,Sr. Network Engineer,MA,2453,1978-05-02,F,Widowed,US Citizen,No,Asian,2015-03-30,Active,N/A-StillEmployed,Active,IT/IS,Peter Monroe,7.0,Employee Referral,Fully Meets,4.2,4,8,2/5/2019,0,7,10.72,47,3,High
"Whittier, Scott",0,58371,1,19,Production Technician I,MA,2030,1987-05-24,M ,Single,US Citizen,Yes,White,2011-01-10,5/15/2014,hours,Voluntarily Terminated,Production       ,Webster Butler,39.0,LinkedIn,Fully Meets,5.0,5,0,5/15/2014,0,11,3.34,38,3,Medium
"Wilber, Barry",0,55140,1,19,Production Technician I,MA,2324,1965-09-09,M ,Married,Eligible NonCitizen,No,White,2011-05-16,9/7/2015,unhappy,Voluntarily Terminated,Production       ,Amy Dunn,11.0,Website,Fully Meets,5.0,3,0,2/15/2015,0,7,4.31,60,3,Low
"Wilkes, Annie",0,58062,1,19,Production Technician I,MA,1876,1983-07-30,F,Divorced,US Citizen,No,White,2011-01-10,5/14/2012,Another position,Voluntarily Terminated,Production       ,Ketsia Liebig,19.0,Google Search,Fully Meets,3.6,5,0,2/6/2011,0,9,1.34,42,3,Medium
"Williams, Jacquelyn  ",1,59728,1,19,Production Technician I,MA,2109,1969-10-02,F,Single,US Citizen,Yes,Black or African American,2012-01-09,6/27/2015,relocation out of area,Voluntarily Terminated,Production       ,Ketsia Liebig,19.0,Diversity Job Fair,Fully Meets,4.3,4,0,6/2/2014,0,16,3.46,56,3,Medium
"Winthrop, Jordan  ",0,70507,1,20,Production Technician II,MA,2045,1958-11-07,M ,Single,US Citizen,No,White,2013-01-07,2/21/2016,retiring,Voluntarily Terminated,Production       ,Brannon Miller,12.0,LinkedIn,Exceeds,5.0,3,0,1/19/2016,0,7,3.12,67,4,Medium
"Wolk, Hang  T",0,60446,0,20,Production Technician II,MA,2302,1985-04-20,F,Single,US Citizen,No,White,2014-09-29,Active,N/A-StillEmployed,Active,Production       ,David Stanley,14.0,LinkedIn,Fully Meets,3.4,4,0,2/21/2019,0,14,11.22,40,3,Medium
"Woodson, Jason",0,65893,0,20,Production Technician II,MA,1810,1985-05-11,M ,Single,US Citizen,No,White,2014-07-07,Active,N/A-StillEmployed,Active,Production       ,Kissy Sullivan,20.0,LinkedIn,Fully Meets,4.07,4,0,2/28/2019,0,13,11.45,40,3,Medium
"Ybarra, Catherine ",0,48513,1,19,Production Technician I,MA,2458,1982-05-04,F,Single,US Citizen,No,Asian,2008-09-02,9/29/2015,Another position,Voluntarily Terminated,Production       ,Brannon Miller,12.0,Google Search,PIP,3.2,2,0,9/2/2015,5,4,7.07,43,1,Low
"Zamora, Jennifer",0,220450,0,6,CIO,MA,2067,1979-08-30,F,Single,US Citizen,No,White,2010-04-10,Active,N/A-StillEmployed,Active,IT/IS,Janet King,2.0,Employee Referral,Exceeds,4.6,5,6,2/21/2019,0,16,15.69,46,4,High
"Zhou, Julia",0,89292,0,9,Data Analyst,MA,2148,1979-02-24,F,Single,US Citizen,No,White,2015-03-30,Active,N/A-StillEmployed,Active,IT/IS,Simon Roup,4.0,Employee Referral,Fully Meets,5.0,3,5,2/1/2019,0,11,10.72,46,3,High
"Zima, Colleen",0,45046,0,19,Production Technician I,MA,1730,1978-08-17,F,Widowed,US Citizen,No,Asian,2014-09-29,Active,N/A-StillEmployed,Active,Production       ,David Stanley,14.0,LinkedIn,Fully Meets,4.5,5,0,1/30/2019,0,2,11.22,47,3,Low
